,date,gap,gap_direction,filled
0,2018-05-02,-0.18999999999999773,down,True
1,2018-05-03,-0.7900000000000205,down,True
2,2018-05-04,-1.2799999999999727,down,True
3,2018-05-07,1.0399999999999636,up,False
4,2018-05-08,-0.4800000000000182,down,True
5,2018-05-09,0.8000000000000114,up,False
6,2018-05-10,0.8300000000000409,up,False
7,2018-05-11,0.22999999999996135,up,True
8,2018-05-14,0.6100000000000136,up,True
9,2018-05-15,-1.4399999999999977,down,False
10,2018-05-16,-0.01999999999998181,down,True
11,2018-05-17,-0.25,down,True
12,2018-05-18,-0.3299999999999841,down,True
13,2018-05-21,1.57000000000005,up,False
14,2018-05-22,0.6499999999999773,up,True
15,2018-05-23,-1.420000000000016,down,True
16,2018-05-24,-0.3100000000000023,down,False
17,2018-05-25,-0.7299999999999613,down,False
18,2018-05-29,-1.740000000000009,down,False
19,2018-05-30,1.3199999999999932,up,False
20,2018-05-31,-0.39999999999997726,down,False
21,2018-06-01,1.5299999999999727,up,False
22,2018-06-04,0.9799999999999613,up,False
23,2018-06-05,0.22000000000002728,up,True
24,2018-06-06,0.5400000000000205,up,True
25,2018-06-07,0.5099999999999909,up,True
26,2018-06-08,-0.7400000000000091,down,True
27,2018-06-11,0.2599999999999909,up,False
28,2018-06-12,0.44999999999998863,up,True
29,2018-06-13,0.27000000000003865,up,True
30,2018-06-14,0.9300000000000068,up,True
31,2018-06-15,-2.1899999999999977,down,False
32,2018-06-18,-1.5,down,False
33,2018-06-19,-2.6499999999999773,down,False
34,2018-06-20,0.8499999999999659,up,False
35,2018-06-21,-0.10000000000002274,down,False
36,2018-06-22,1.3400000000000318,up,False
37,2018-06-25,-1.6100000000000136,down,False
38,2018-06-26,0.8899999999999864,up,False
39,2018-06-27,0.5999999999999659,up,True
40,2018-06-28,-0.16999999999995907,down,True
41,2018-06-29,1.3199999999999932,up,False
42,2018-07-02,-2.1100000000000136,down,True
43,2018-07-03,0.9800000000000182,up,True
44,2018-07-05,1.8600000000000136,up,False
45,2018-07-06,0.12999999999999545,up,True
46,2018-07-09,1.25,up,False
47,2018-07-10,0.5500000000000114,up,False
48,2018-07-11,-1.6299999999999955,down,False
49,2018-07-12,1.4399999999999977,up,False
50,2018-07-13,-0.060000000000002274,down,True
51,2018-07-16,0.14999999999997726,up,True
52,2018-07-17,-0.8999999999999773,down,True
53,2018-07-18,0.1099999999999568,up,True
54,2018-07-19,-0.7400000000000091,down,False
55,2018-07-20,-0.160000000000025,down,True
56,2018-07-23,-0.27000000000003865,down,True
57,2018-07-24,1.5,up,False
58,2018-07-25,-0.1400000000000432,down,True
59,2018-07-26,-0.8000000000000114,down,True
60,2018-07-27,0.40999999999996817,up,True
61,2018-07-30,0.12000000000000455,up,True
62,2018-07-31,0.9200000000000159,up,False
63,2018-08-01,-0.2400000000000091,down,True
64,2018-08-02,-1.4499999999999886,down,True
65,2018-08-03,0.06999999999999318,up,True
66,2018-08-06,-0.040000000000020464,down,True
67,2018-08-07,0.6599999999999682,up,False
68,2018-08-08,-0.2300000000000182,down,True
69,2018-08-09,0.15999999999996817,up,True
70,2018-08-10,-1.6399999999999864,down,False
71,2018-08-13,0.160000000000025,up,True
72,2018-08-14,0.6800000000000068,up,False
73,2018-08-15,-1.339999999999975,down,False
74,2018-08-16,1.4599999999999795,up,False
75,2018-08-17,-0.3100000000000023,down,True
76,2018-08-20,0.6499999999999773,up,False
77,2018-08-21,0.5099999999999909,up,False
78,2018-08-22,-0.339999999999975,down,True
79,2018-08-23,-0.19999999999998863,down,True
80,2018-08-24,0.6399999999999864,up,False
81,2018-08-27,1.3600000000000136,up,False
82,2018-08-28,0.7300000000000182,up,True
83,2018-08-29,0.25,up,True
84,2018-08-30,-0.5400000000000205,down,False
85,2018-08-31,-0.5300000000000296,down,True
86,2018-09-04,-0.4600000000000364,down,False
87,2018-09-05,-0.5099999999999909,down,False
88,2018-09-06,0.049999999999954525,up,True
89,2018-09-07,-1.2299999999999613,down,True
90,2018-09-10,1.3899999999999864,up,False
91,2018-09-11,-0.7300000000000182,down,True
92,2018-09-12,-0.11000000000001364,down,True
93,2018-09-13,1.160000000000025,up,False
94,2018-09-14,0.2599999999999909,up,True
95,2018-09-17,-0.2599999999999909,down,False
96,2018-09-18,0.01999999999998181,up,False
97,2018-09-19,0.060000000000002274,up,True
98,2018-09-20,1.4300000000000068,up,False
99,2018-09-21,-0.4399999999999977,down,False
100,2018-09-24,-0.6899999999999977,down,False
101,2018-09-25,0.36000000000001364,up,True
102,2018-09-26,0.18999999999999773,up,True
103,2018-09-27,0.9200000000000159,up,False
104,2018-09-28,-0.6100000000000136,down,True
105,2018-10-01,1.329999999999984,up,False
106,2018-10-02,0.010000000000047748,up,True
107,2018-10-03,1.080000000000041,up,True
108,2018-10-04,-0.5400000000000205,down,False
109,2018-10-05,0.01999999999998181,up,True
110,2018-10-08,-0.9699999999999704,down,True
111,2018-10-09,-0.660000000000025,down,True
112,2018-10-10,-0.5200000000000387,down,False
113,2018-10-11,-1.0300000000000296,down,True
114,2018-10-12,4.329999999999984,up,True
115,2018-10-15,-0.37000000000000455,down,True
116,2018-10-16,2.1200000000000045,up,False
117,2018-10-17,0.4399999999999977,up,True
118,2018-10-18,-1.07000000000005,down,False
119,2018-10-19,0.2699999999999818,up,True
120,2018-10-22,1.0500000000000114,up,True
121,2018-10-23,-4.110000000000014,down,False
122,2018-10-24,-0.2599999999999909,down,True
123,2018-10-25,1.5900000000000318,up,False
124,2018-10-26,-4.1200000000000045,down,False
125,2018-10-29,3.079999999999984,up,True
126,2018-10-30,0.11000000000001364,up,True
127,2018-10-31,3.009999999999991,up,False
128,2018-11-01,1.079999999999984,up,True
129,2018-11-02,1.3999999999999773,up,True
130,2018-11-05,0.4900000000000091,up,True
131,2018-11-06,-0.35000000000002274,down,True
132,2018-11-07,2.329999999999984,up,False
133,2018-11-08,-0.8799999999999955,down,True
134,2018-11-09,-1.509999999999991,down,False
135,2018-11-12,-0.5400000000000205,down,False
136,2018-11-13,0.3100000000000023,up,True
137,2018-11-14,2.5299999999999727,up,True
138,2018-11-15,-1.3600000000000136,down,True
139,2018-11-16,-1.0600000000000023,down,True
140,2018-11-19,-0.8299999999999841,down,False
141,2018-11-20,-3.8600000000000136,down,False
142,2018-11-21,2.0399999999999636,up,False
143,2018-11-23,-1.7300000000000182,down,False
144,2018-11-26,2.8600000000000136,up,False
145,2018-11-27,-1.2900000000000205,down,True
146,2018-11-28,1.3799999999999955,up,False
147,2018-11-29,-0.48999999999995225,down,True
148,2018-11-30,-0.18999999999999773,down,True
149,2018-12-03,4.439999999999998,up,False
150,2018-12-04,-0.6800000000000068,down,False
151,2018-12-06,-4.409999999999968,down,False
152,2018-12-07,-0.589999999999975,down,True
153,2018-12-10,-0.14999999999997726,down,True
154,2018-12-11,3.2199999999999704,up,True
155,2018-12-12,3.230000000000018,up,False
156,2018-12-13,0.9499999999999886,up,True
157,2018-12-14,-2.150000000000034,down,False
158,2018-12-17,-1.1800000000000068,down,True
159,2018-12-18,1.6800000000000068,up,True
160,2018-12-19,0.28999999999999204,up,True
161,2018-12-20,-1.339999999999975,down,True
162,2018-12-21,-1.009999999999991,down,True
163,2018-12-24,-1.5800000000000125,down,False
164,2018-12-26,2.9000000000000057,up,False
165,2018-12-27,-3.710000000000008,down,True
166,2018-12-28,1.1500000000000057,up,True
167,2018-12-31,2.0600000000000023,up,True
168,2019-01-02,-3.8000000000000114,down,True
169,2019-01-03,-2.0900000000000034,down,False
170,2019-01-04,3.039999999999992,up,False
171,2019-01-07,0.4300000000000068,up,True
172,2019-01-08,2.5299999999999727,up,True
173,2019-01-09,0.8199999999999932,up,True
174,2019-01-10,-1.4699999999999704,down,True
175,2019-01-11,-1.5,down,False
176,2019-01-14,-2.009999999999991,down,False
177,2019-01-15,0.6099999999999568,up,False
178,2019-01-16,0.5600000000000023,up,False
179,2019-01-17,-0.9200000000000159,down,True
180,2019-01-18,2.009999999999991,up,False
181,2019-01-22,-1.7200000000000273,down,False
182,2019-01-23,1.1399999999999864,up,True
183,2019-01-24,-0.06999999999999318,down,True
184,2019-01-25,2.1299999999999955,up,False
185,2019-01-28,-2.330000000000041,down,False
186,2019-01-29,0.1099999999999568,up,True
187,2019-01-30,1.7600000000000477,up,False
188,2019-01-31,0.25,up,False
189,2019-02-01,0.05000000000001137,up,True
190,2019-02-04,0.06999999999999318,up,True
191,2019-02-05,0.5200000000000387,up,True
192,2019-02-06,-0.3299999999999841,down,True
193,2019-02-07,-1.839999999999975,down,False
194,2019-02-08,-1.3999999999999773,down,True
195,2019-02-11,0.8000000000000114,up,True
196,2019-02-12,2.0200000000000387,up,False
197,2019-02-13,1.0199999999999818,up,False
198,2019-02-14,-1.0300000000000296,down,True
199,2019-02-15,1.9399999999999977,up,False
200,2019-02-19,-0.9300000000000068,down,True
201,2019-02-20,0.06999999999999318,up,True
202,2019-02-21,-0.6099999999999568,down,False
203,2019-02-22,0.5900000000000318,up,False
204,2019-02-25,1.6900000000000546,up,False
205,2019-02-26,-0.39999999999997726,down,True
206,2019-02-27,-0.6499999999999773,down,True
207,2019-02-28,-0.4399999999999977,down,True
208,2019-03-01,1.829999999999984,up,False
209,2019-03-04,1.1200000000000045,up,True
210,2019-03-05,0.20000000000004547,up,True
211,2019-03-06,0.08999999999997499,up,True
212,2019-03-07,-0.6299999999999955,down,False
213,2019-03-08,-2.1899999999999977,down,False
214,2019-03-11,0.7199999999999704,up,False
215,2019-03-12,0.6700000000000159,up,False
216,2019-03-13,1.1000000000000227,up,False
217,2019-03-14,0.05000000000001137,up,True
218,2019-03-15,-0.5299999999999727,down,True
219,2019-03-18,0.339999999999975,up,False
220,2019-03-19,1.009999999999991,up,True
221,2019-03-20,-0.12000000000000455,down,True
222,2019-03-21,-0.7800000000000296,down,True
223,2019-03-22,-1.2800000000000296,down,False
224,2019-03-25,-0.6700000000000159,down,True
225,2019-03-26,1.9800000000000182,up,False
226,2019-03-27,0.2599999999999909,up,True
227,2019-03-28,0.6100000000000136,up,True
228,2019-03-29,1.669999999999959,up,False
229,2019-04-01,2.159999999999968,up,False
230,2019-04-02,0.4000000000000341,up,True
231,2019-04-03,1.5,up,True
232,2019-04-04,0.2699999999999818,up,True
233,2019-04-05,0.6299999999999955,up,False
234,2019-04-08,-0.46999999999997044,down,True
235,2019-04-09,-1.0599999999999454,down,False
236,2019-04-10,0.5799999999999841,up,False
237,2019-04-11,0.5,up,True
238,2019-04-12,1.8199999999999932,up,False
239,2019-04-15,0.12999999999999545,up,True
240,2019-04-16,0.9599999999999795,up,True
241,2019-04-17,1.17999999999995,up,True
242,2019-04-18,0.7600000000000477,up,True
243,2019-04-22,-0.8700000000000045,down,True
244,2019-04-23,0.4000000000000341,up,False
245,2019-04-24,-0.17000000000001592,down,True
246,2019-04-25,-0.160000000000025,down,True
247,2019-04-26,0.060000000000002274,up,True
248,2019-04-29,0.12000000000000455,up,False
249,2019-04-30,-0.2799999999999727,down,True
250,2019-05-01,0.660000000000025,up,True
251,2019-05-02,-0.05000000000001137,down,True
252,2019-05-03,1.6399999999999864,up,False
253,2019-05-06,-4.759999999999991,down,False
254,2019-05-07,-2.8000000000000114,down,False
255,2019-05-08,-0.7299999999999613,down,True
256,2019-05-09,-2.569999999999993,down,False
257,2019-05-10,-1.1200000000000045,down,True
258,2019-05-13,-5.639999999999986,down,False
259,2019-05-14,1.0499999999999545,up,False
260,2019-05-15,-1.8400000000000318,down,True
261,2019-05-16,0.8599999999999568,up,False
262,2019-05-17,-2.490000000000009,down,True
263,2019-05-20,-1.8199999999999932,down,False
264,2019-05-21,1.7699999999999818,up,False
265,2019-05-22,-1.0,down,True
266,2019-05-23,-2.5200000000000387,down,False
267,2019-05-24,1.740000000000009,up,False
268,2019-05-28,0.2699999999999818,up,True
269,2019-05-29,-1.5,down,False
270,2019-05-30,0.8300000000000409,up,True
271,2019-05-31,-2.840000000000032,down,False
272,2019-06-03,-0.21999999999997044,down,True
273,2019-06-04,2.4499999999999886,up,False
274,2019-06-05,1.669999999999959,up,True
275,2019-06-06,0.3100000000000023,up,True
276,2019-06-07,1.1800000000000068,up,False
277,2019-06-10,1.9700000000000273,up,False
278,2019-06-11,2.0500000000000114,up,True
279,2019-06-12,-0.18999999999999773,down,True
280,2019-06-13,1.099999999999966,up,False
281,2019-06-14,-0.3299999999999841,down,True
282,2019-06-17,0.20999999999997954,up,True
283,2019-06-18,1.9300000000000068,up,False
284,2019-06-19,0.18000000000000682,up,True
285,2019-06-20,2.9500000000000455,up,False
286,2019-06-21,-1.8700000000000045,down,False
287,2019-06-24,-0.0999999999999659,down,True
288,2019-06-25,0.01999999999998181,up,True
289,2019-06-26,0.8199999999999932,up,True
290,2019-06-27,0.8100000000000023,up,False
291,2019-06-28,0.8700000000000045,up,False
292,2019-07-01,3.269999999999982,up,False
293,2019-07-02,0.08999999999997499,up,True
294,2019-07-03,0.8000000000000114,up,False
295,2019-07-05,-1.2700000000000387,down,False
296,2019-07-08,-1.259999999999991,down,False
297,2019-07-09,-1.4399999999999977,down,True
298,2019-07-10,1.1800000000000068,up,False
299,2019-07-11,0.6399999999999864,up,True
300,2019-07-12,0.5,up,False
301,2019-07-15,0.4900000000000091,up,True
302,2019-07-16,-0.07000000000005002,down,True
303,2019-07-17,-0.009999999999990905,down,True
304,2019-07-18,-0.7400000000000091,down,True
305,2019-07-19,1.1299999999999955,up,True
306,2019-07-22,0.4700000000000273,up,True
307,2019-07-23,1.3199999999999932,up,False
308,2019-07-24,-0.7099999999999795,down,True
309,2019-07-25,-0.36000000000001364,down,False
310,2019-07-26,0.8100000000000023,up,False
311,2019-07-29,-0.060000000000002274,down,False
312,2019-07-30,-1.5600000000000023,down,False
313,2019-07-31,0.25,up,True
314,2019-08-01,0.19999999999998863,up,True
315,2019-08-02,-1.0,down,False
316,2019-08-05,-4.430000000000007,down,False
317,2019-08-06,1.82000000000005,up,False
318,2019-08-07,-3.4499999999999886,down,True
319,2019-08-08,1.3000000000000114,up,False
320,2019-08-09,-1.0600000000000023,down,False
321,2019-08-12,-1.7000000000000455,down,False
322,2019-08-13,-0.2799999999999727,down,True
323,2019-08-14,-4.400000000000034,down,False
324,2019-08-15,0.8299999999999841,up,True
325,2019-08-16,1.660000000000025,up,False
326,2019-08-19,3.490000000000009,up,False
327,2019-08-20,-0.4900000000000091,down,True
328,2019-08-21,2.4500000000000455,up,False
329,2019-08-22,0.75,up,True
330,2019-08-23,-1.3799999999999955,down,True
331,2019-08-26,2.1499999999999773,up,False
332,2019-08-27,1.3400000000000318,up,True
333,2019-08-28,-0.3100000000000023,down,True
334,2019-08-29,2.890000000000043,up,False
335,2019-08-30,1.6399999999999864,up,True
336,2019-09-03,-1.910000000000025,down,False
337,2019-09-04,2.5100000000000477,up,False
338,2019-09-05,2.839999999999975,up,False
339,2019-09-06,0.6000000000000227,up,True
340,2019-09-09,1.0699999999999932,up,True
341,2019-09-10,-0.6699999999999591,down,True
342,2019-09-11,0.5,up,True
343,2019-09-12,1.009999999999991,up,False
344,2019-09-13,0.4399999999999977,up,True
345,2019-09-16,-1.2700000000000387,down,False
346,2019-09-17,-0.2699999999999818,down,True
347,2019-09-18,-0.4399999999999977,down,True
348,2019-09-19,0.39999999999997726,up,True
349,2019-09-20,-0.7799999999999727,down,False
350,2019-09-23,-0.7199999999999704,down,True
351,2019-09-24,1.0600000000000023,up,True
352,2019-09-25,0.05000000000001137,up,True
353,2019-09-26,-0.03000000000002956,down,True
354,2019-09-27,0.7299999999999613,up,True
355,2019-09-30,0.4399999999999977,up,False
356,2019-10-01,0.7100000000000364,up,True
357,2019-10-02,-1.759999999999991,down,False
358,2019-10-03,-0.2699999999999818,down,True
359,2019-10-04,0.6800000000000068,up,False
360,2019-10-07,-0.7999999999999545,down,True
361,2019-10-08,-2.009999999999991,down,False
362,2019-10-09,1.990000000000009,up,False
363,2019-10-10,0.2599999999999909,up,False
364,2019-10-11,2.910000000000025,up,False
365,2019-10-14,-0.01999999999998181,down,True
366,2019-10-15,1.17999999999995,up,False
367,2019-10-16,-0.6099999999999568,down,True
368,2019-10-17,1.170000000000016,up,False
369,2019-10-18,-0.5099999999999909,down,True
370,2019-10-21,1.4399999999999977,up,False
371,2019-10-22,0.5999999999999659,up,True
372,2019-10-23,-0.2699999999999818,down,True
373,2019-10-24,1.0500000000000114,up,True
374,2019-10-25,-0.8100000000000023,down,True
375,2019-10-28,1.3000000000000114,up,False
376,2019-10-29,-0.2699999999999818,down,True
377,2019-10-30,0.25,up,True
378,2019-10-31,0.040000000000020464,up,True
379,2019-11-01,1.4600000000000364,up,False
380,2019-11-04,1.830000000000041,up,False
381,2019-11-05,0.18999999999999773,up,True
382,2019-11-06,0.11000000000001364,up,True
383,2019-11-07,1.4599999999999795,up,False
384,2019-11-08,-0.40999999999996817,down,True
385,2019-11-11,-1.509999999999991,down,False
386,2019-11-12,0.34000000000003183,up,True
387,2019-11-13,-0.9799999999999613,down,True
388,2019-11-14,-0.40999999999996817,down,True
389,2019-11-15,1.4599999999999795,up,False
390,2019-11-18,-0.23999999999995225,down,True
391,2019-11-19,0.6500000000000341,up,True
392,2019-11-20,-0.5600000000000023,down,False
393,2019-11-21,0.15999999999996817,up,True
394,2019-11-22,0.8199999999999932,up,True
395,2019-11-25,0.9000000000000341,up,False
396,2019-11-26,0.08000000000004093,up,True
397,2019-11-27,0.5400000000000205,up,False
398,2019-11-29,-0.6000000000000227,down,False
399,2019-12-02,0.05000000000001137,up,True
400,2019-12-03,-3.0500000000000114,down,False
401,2019-12-04,1.2199999999999704,up,False
402,2019-12-05,0.8600000000000136,up,True
403,2019-12-06,2.160000000000025,up,False
404,2019-12-09,-0.35000000000002274,down,True
405,2019-12-10,-0.009999999999990905,down,True
406,2019-12-11,0.42999999999995,up,True
407,2019-12-12,0.029999999999972715,up,True
408,2019-12-13,-0.05000000000001137,down,True
409,2019-12-16,1.8600000000000136,up,False
410,2019-12-17,0.3100000000000023,up,True
411,2019-12-18,0.4300000000000068,up,True
412,2019-12-19,0.18000000000000682,up,False
413,2019-12-20,-0.5200000000000387,down,True
414,2019-12-23,0.4000000000000341,up,True
415,2019-12-24,0.20999999999997954,up,True
416,2019-12-26,0.4600000000000364,up,False
417,2019-12-27,0.8700000000000045,up,True
418,2019-12-30,0.12000000000000455,up,True
419,2019-12-31,-0.7700000000000387,down,True
420,2020-01-02,1.4600000000000364,up,False
421,2020-01-03,-3.57000000000005,down,False
422,2020-01-06,-2.0399999999999636,down,True
423,2020-01-07,-0.7100000000000364,down,False
424,2020-01-08,0.2599999999999909,up,True
425,2020-01-09,1.5399999999999636,up,False
426,2020-01-10,0.7599999999999909,up,True
427,2020-01-13,0.7799999999999727,up,False
428,2020-01-14,-0.38999999999998636,down,True
429,2020-01-15,-0.28000000000002956,down,True
430,2020-01-16,1.4399999999999977,up,False
431,2020-01-17,0.8700000000000045,up,False
432,2020-01-21,-1.0200000000000387,down,True
433,2020-01-22,0.8500000000000227,up,True
434,2020-01-23,-0.6800000000000068,down,True
435,2020-01-24,0.7300000000000182,up,True
436,2020-01-27,-5.680000000000007,down,False
437,2020-01-28,1.5500000000000114,up,False
438,2020-01-29,1.3700000000000045,up,True
439,2020-01-30,-2.3999999999999773,down,True
440,2020-01-31,-0.9200000000000159,down,False
441,2020-02-03,1.4800000000000182,up,False
442,2020-02-04,4.089999999999975,up,False
443,2020-02-05,3.2099999999999795,up,False
444,2020-02-06,0.9599999999999795,up,True
445,2020-02-07,-1.1200000000000045,down,False
446,2020-02-10,-0.839999999999975,down,True
447,2020-02-11,1.5900000000000318,up,False
448,2020-02-12,1.5499999999999545,up,False
449,2020-02-13,-1.6100000000000136,down,True
450,2020-02-14,0.2599999999999909,up,True
451,2020-02-18,-1.0699999999999932,down,False
452,2020-02-19,1.0,up,False
453,2020-02-20,-0.8299999999999841,down,True
454,2020-02-21,-1.580000000000041,down,False
455,2020-02-24,-10.560000000000002,down,False
456,2020-02-25,1.6100000000000136,up,True
457,2020-02-26,1.1899999999999977,up,True
458,2020-02-27,-5.770000000000039,down,False
459,2020-02-28,-9.830000000000041,down,False
460,2020-03-02,2.1200000000000045,up,True
461,2020-03-03,0.5099999999999909,up,True
462,2020-03-04,5.5,up,False
463,2020-03-05,-7.199999999999989,down,False
464,2020-03-06,-8.700000000000045,down,False
465,2020-03-09,-21.539999999999964,down,False
466,2020-03-10,11.409999999999968,up,False
467,2020-03-11,-8.069999999999993,down,False
468,2020-03-12,-18.129999999999995,down,False
469,2020-03-13,14.870000000000033,up,False
470,2020-03-16,-28.889999999999986,down,False
471,2020-03-17,3.3300000000000125,up,True
472,2020-03-18,-15.349999999999994,down,False
473,2020-03-19,0.4399999999999977,up,True
474,2020-03-20,2.2099999999999795,up,True
475,2020-03-23,-2.1200000000000045,down,False
476,2020-03-24,13.169999999999987,up,False
477,2020-03-25,2.25,up,True
478,2020-03-26,1.9399999999999977,up,False
479,2020-03-27,-7.75,down,False
480,2020-03-30,2.280000000000001,up,False
481,2020-03-31,-0.5500000000000114,down,True
482,2020-04-01,-9.01000000000002,down,False
483,2020-04-02,-0.5699999999999932,down,True
484,2020-04-03,-0.9300000000000068,down,True
485,2020-04-06,9.650000000000006,up,False
486,2020-04-07,9.859999999999957,up,False
487,2020-04-08,2.759999999999991,up,False
488,2020-04-09,3.6499999999999773,up,False
489,2020-04-13,-0.8600000000000136,down,False
490,2020-04-14,5.160000000000025,up,False
491,2020-04-15,-6.2099999999999795,down,False
492,2020-04-16,1.3199999999999932,up,True
493,2020-04-17,6.269999999999982,up,False
494,2020-04-20,-3.9799999999999613,down,False
495,2020-04-21,-5.089999999999975,down,False
496,2020-04-22,4.720000000000027,up,False
497,2020-04-23,1.5,up,True
498,2020-04-24,1.9300000000000068,up,True
499,2020-04-27,1.8899999999999864,up,False
500,2020-04-28,3.8799999999999955,up,True
501,2020-04-29,5.569999999999993,up,False
502,2020-04-30,-1.8500000000000227,down,False
503,2020-05-01,-4.569999999999993,down,False
504,2020-05-04,-2.115000000000009,down,True
505,2020-05-05,3.159999999999968,up,False
506,2020-05-06,1.8600000000000136,up,True
507,2020-05-07,3.7900000000000205,up,False
508,2020-05-08,3.2799999999999727,up,False
509,2020-05-11,-2.490000000000009,down,True
510,2020-05-12,1.1299999999999955,up,True
511,2020-05-13,-0.3299999999999841,down,True
512,2020-05-14,-2.4399999999999977,down,True
513,2020-05-15,-2.759999999999991,down,True
514,2020-05-18,7.069999999999993,up,False
515,2020-05-19,-0.7099999999999795,down,True
516,2020-05-20,3.819999999999993,up,False
517,2020-05-21,-0.36000000000001364,down,True
518,2020-05-22,-0.3299999999999841,down,True
519,2020-05-26,6.4599999999999795,up,False
520,2020-05-27,2.740000000000009,up,True
521,2020-05-28,1.3100000000000023,up,True
522,2020-05-29,-0.9900000000000091,down,True
523,2020-06-01,-1.1200000000000045,down,True
524,2020-06-02,1.2200000000000273,up,True
525,2020-06-03,2.230000000000018,up,False
526,2020-06-04,-1.0,down,True
527,2020-06-05,5.939999999999998,up,False
528,2020-06-08,0.8899999999999864,up,False
529,2020-06-09,-2.839999999999975,down,False
530,2020-06-10,0.5099999999999909,up,True
531,2020-06-11,-7.800000000000011,down,False
532,2020-06-12,6.730000000000018,up,True
533,2020-06-15,-6.430000000000007,down,True
534,2020-06-16,8.259999999999991,up,False
535,2020-06-17,1.3899999999999864,up,True
536,2020-06-18,-1.7100000000000364,down,True
537,2020-06-19,2.4599999999999795,up,True
538,2020-06-22,-0.12999999999999545,down,True
539,2020-06-23,2.670000000000016,up,False
540,2020-06-24,-2.5,down,False
541,2020-06-25,-1.2100000000000364,down,True
542,2020-06-26,-1.2099999999999795,down,False
543,2020-06-29,0.6500000000000341,up,True
544,2020-06-30,-0.6399999999999864,down,True
545,2020-07-01,1.1399999999999864,up,False
546,2020-07-02,3.930000000000007,up,False
547,2020-07-06,4.079999999999984,up,False
548,2020-07-07,-1.420000000000016,down,True
549,2020-07-08,0.8000000000000114,up,True
550,2020-07-09,0.8699999999999477,up,True
551,2020-07-10,-0.060000000000002274,down,True
552,2020-07-13,2.420000000000016,up,True
553,2020-07-14,-1.6399999999999864,down,True
554,2020-07-15,3.7100000000000364,up,False
555,2020-07-16,-2.079999999999984,down,False
556,2020-07-17,1.0200000000000387,up,True
557,2020-07-20,-0.37000000000000455,down,True
558,2020-07-21,1.990000000000009,up,True
559,2020-07-22,-0.4399999999999977,down,True
560,2020-07-23,-0.25,down,True
561,2020-07-24,-1.8899999999999864,down,False
562,2020-07-27,0.8500000000000227,up,False
563,2020-07-28,-0.7599999999999909,down,True
564,2020-07-29,0.9399999999999977,up,False
565,2020-07-30,-2.930000000000007,down,False
566,2020-07-31,2.109999999999957,up,True
567,2020-08-03,1.9399999999999977,up,False
568,2020-08-04,-0.7299999999999613,down,True
569,2020-08-05,1.4600000000000364,up,False
570,2020-08-06,-0.6099999999999568,down,True
571,2020-08-07,-1.0199999999999818,down,True
572,2020-08-10,0.6000000000000227,up,True
573,2020-08-11,1.2800000000000296,up,True
574,2020-08-12,2.8899999999999864,up,False
575,2020-08-13,-0.4399999999999977,down,True
576,2020-08-14,-0.3499999999999659,down,True
577,2020-08-17,1.420000000000016,up,False
578,2020-08-18,0.5299999999999727,up,True
579,2020-08-19,0.5400000000000205,up,True
580,2020-08-20,-1.669999999999959,down,True
581,2020-08-21,-0.4199999999999591,down,True
582,2020-08-24,2.6299999999999955,up,False
583,2020-08-25,0.8500000000000227,up,True
584,2020-08-26,0.6200000000000045,up,False
585,2020-08-27,1.0699999999999932,up,True
586,2020-08-28,1.079999999999984,up,True
587,2020-08-31,-0.17000000000001592,down,True
588,2020-09-01,0.4300000000000068,up,True
589,2020-09-02,2.090000000000032,up,False
590,2020-09-03,-1.9099999999999682,down,False
591,2020-09-04,-0.14999999999997726,down,True
592,2020-09-08,-5.909999999999968,down,False
593,2020-09-09,3.680000000000007,up,False
594,2020-09-10,2.6999999999999886,up,True
595,2020-09-11,1.8999999999999773,up,True
596,2020-09-14,3.3100000000000023,up,False
597,2020-09-15,2.7100000000000364,up,False
598,2020-09-16,0.9900000000000091,up,True
599,2020-09-17,-5.319999999999993,down,False
600,2020-09-18,-0.9799999999999613,down,False
601,2020-09-21,-4.980000000000018,down,False
602,2020-09-22,1.3100000000000023,up,True
603,2020-09-23,0.6599999999999682,up,True
604,2020-09-24,-1.6000000000000227,down,True
605,2020-09-25,-1.1100000000000136,down,True
606,2020-09-28,4.800000000000011,up,False
607,2020-09-29,-0.029999999999972715,down,True
608,2020-09-30,0.4700000000000273,up,False
609,2020-10-01,4.170000000000016,up,False
610,2020-10-02,-5.289999999999964,down,False
611,2020-10-05,2.159999999999968,up,False
612,2020-10-06,0.39999999999997726,up,True
613,2020-10-07,2.8500000000000227,up,False
614,2020-10-08,2.2900000000000205,up,False
615,2020-10-09,1.8799999999999955,up,False
616,2020-10-12,2.680000000000007,up,False
617,2020-10-13,-0.08000000000004093,down,True
618,2020-10-14,0.4199999999999591,up,True
619,2020-10-15,-4.220000000000027,down,True
620,2020-10-16,1.4499999999999886,up,True
621,2020-10-19,1.4800000000000182,up,True
622,2020-10-20,1.0199999999999818,up,False
623,2020-10-21,0.44999999999998863,up,True
624,2020-10-22,-0.18999999999999773,down,True
625,2020-10-23,1.2699999999999818,up,True
626,2020-10-26,-3.170000000000016,down,False
627,2020-10-27,0.20999999999997954,up,True
628,2020-10-28,-6.199999999999989,down,False
629,2020-10-29,0.11000000000001364,up,True
630,2020-10-30,-1.7100000000000364,down,False
631,2020-11-02,3.0600000000000023,up,False
632,2020-11-03,3.3899999999999864,up,False
633,2020-11-04,5.300000000000011,up,False
634,2020-11-05,5.699999999999989,up,False
635,2020-11-06,-0.34000000000003183,down,True
636,2020-11-09,13.710000000000036,up,False
637,2020-11-10,-1.2300000000000182,down,True
638,2020-11-11,1.8600000000000136,up,False
639,2020-11-12,-1.2100000000000364,down,False
640,2020-11-13,1.6899999999999977,up,False
641,2020-11-16,2.8799999999999955,up,False
642,2020-11-17,-2.5300000000000296,down,False
643,2020-11-18,0.14999999999997726,up,True
644,2020-11-19,-1.1399999999999864,down,True
645,2020-11-20,-0.4700000000000273,down,False
646,2020-11-23,2.25,up,True
647,2020-11-24,2.7199999999999704,up,False
648,2020-11-25,-0.12999999999999545,down,False
649,2020-11-27,1.2099999999999795,up,True
650,2020-11-30,-1.0200000000000387,down,False
651,2020-12-01,2.930000000000007,up,False
652,2020-12-02,-1.089999999999975,down,True
653,2020-12-03,-0.13999999999998636,down,True
654,2020-12-04,0.9799999999999613,up,False
655,2020-12-07,-0.8400000000000318,down,False
656,2020-12-08,-1.2900000000000205,down,True
657,2020-12-09,0.589999999999975,up,True
658,2020-12-10,-1.1599999999999682,down,True
659,2020-12-11,-1.8600000000000136,down,False
660,2020-12-14,2.7100000000000364,up,True
661,2020-12-15,2.4399999999999977,up,False
662,2020-12-16,0.6299999999999955,up,True
663,2020-12-17,1.6399999999999864,up,False
664,2020-12-18,-1.3699999999999477,down,False
665,2020-12-21,-4.449999999999989,down,False
666,2020-12-22,0.7800000000000296,up,True
667,2020-12-23,1.0499999999999545,up,False
668,2020-12-24,0.4199999999999591,up,True
669,2020-12-28,2.840000000000032,up,False
670,2020-12-29,1.8099999999999454,up,True
671,2020-12-30,0.8599999999999568,up,False
672,2020-12-31,0.20999999999997954,up,True
673,2021-01-04,0.7599999999999909,up,True
674,2021-01-05,-0.7599999999999909,down,True
675,2021-01-06,-1.5499999999999545,down,True
676,2021-01-07,3.1899999999999977,up,False
677,2021-01-08,1.5199999999999818,up,True
678,2021-01-11,-3.669999999999959,down,False
679,2021-01-12,-0.37000000000000455,down,True
680,2021-01-13,-0.15999999999996817,down,True
681,2021-01-14,0.7999999999999545,up,True
682,2021-01-15,-1.75,down,False
683,2021-01-19,3.1200000000000045,up,False
684,2021-01-20,2.670000000000016,up,False
685,2021-01-21,0.8799999999999955,up,True
686,2021-01-22,-1.9399999999999977,down,False
687,2021-01-25,0.8899999999999864,up,True
688,2021-01-26,0.8400000000000318,up,True
689,2021-01-27,-3.67999999999995,down,False
690,2021-01-28,1.2700000000000387,up,False
691,2021-01-29,-1.5699999999999932,down,False
692,2021-02-01,2.9600000000000364,up,False
693,2021-02-02,3.75,up,False
694,2021-02-03,1.3550000000000182,up,True
695,2021-02-04,0.7899999999999636,up,False
696,2021-02-05,2.089999999999975,up,False
697,2021-02-08,1.509999999999991,up,False
698,2021-02-09,-0.8599999999999568,down,True
699,2021-02-10,1.660000000000025,up,True
700,2021-02-11,1.009999999999991,up,True
701,2021-02-12,-0.8100000000000023,down,True
702,2021-02-16,1.0300000000000296,up,True
703,2021-02-17,-1.9699999999999704,down,True
704,2021-02-18,-2.840000000000032,down,False
705,2021-02-19,1.1100000000000136,up,True
706,2021-02-22,-2.759999999999991,down,False
707,2021-02-23,-2.579999999999984,down,True
708,2021-02-24,-1.5,down,True
709,2021-02-25,-1.3799999999999955,down,True
710,2021-02-26,1.5300000000000296,up,True
711,2021-03-01,5.139999999999986,up,False
712,2021-03-02,0.5299999999999727,up,True
713,2021-03-03,-0.8799999999999955,down,True
714,2021-03-04,-0.12999999999999545,down,True
715,2021-03-05,3.319999999999993,up,True
716,2021-03-08,0.8300000000000409,up,True
717,2021-03-09,4.1200000000000045,up,False
718,2021-03-10,2.6100000000000136,up,False
719,2021-03-11,2.6200000000000045,up,False
720,2021-03-12,-1.2699999999999818,down,True
721,2021-03-15,0.15999999999996817,up,True
722,2021-03-16,0.5699999999999932,up,True
723,2021-03-17,-1.3600000000000136,down,True
724,2021-03-18,-2.849999999999966,down,False
725,2021-03-19,-1.75,down,False
726,2021-03-22,0.19999999999998863,up,False
727,2021-03-23,-0.9399999999999977,down,True
728,2021-03-24,1.3600000000000136,up,True
729,2021-03-25,-1.3999999999999773,down,True
730,2021-03-26,1.2900000000000205,up,False
731,2021-03-29,-1.4800000000000182,down,True
732,2021-03-30,-1.2099999999999795,down,False
733,2021-03-31,0.8000000000000114,up,False
734,2021-04-01,1.7900000000000205,up,False
735,2021-04-05,2.660000000000025,up,False
736,2021-04-06,-0.39999999999997726,down,True
737,2021-04-07,-0.160000000000025,down,True
738,2021-04-08,1.2900000000000205,up,False
739,2021-04-09,-0.3299999999999841,down,True
740,2021-04-12,-0.6899999999999977,down,True
741,2021-04-13,-0.37000000000000455,down,True
742,2021-04-14,-0.03000000000002956,down,True
743,2021-04-15,1.900000000000034,up,False
744,2021-04-16,1.4300000000000068,up,True
745,2021-04-19,-0.8600000000000136,down,False
746,2021-04-20,-1.3199999999999932,down,False
747,2021-04-21,-0.37999999999999545,down,True
748,2021-04-22,0.12999999999999545,up,True
749,2021-04-23,0.4399999999999977,up,False
750,2021-04-26,0.839999999999975,up,False
751,2021-04-27,0.18999999999999773,up,True
752,2021-04-28,0.13999999999998636,up,True
753,2021-04-29,2.990000000000009,up,True
754,2021-04-30,-2.160000000000025,down,False
755,2021-05-03,1.8500000000000227,up,False
756,2021-05-04,-2.090000000000032,down,False
757,2021-05-05,2.1100000000000136,up,True
758,2021-05-06,0.37000000000000455,up,True
759,2021-05-07,0.75,up,False
760,2021-05-10,0.30000000000001137,up,True
761,2021-05-11,-4.699999999999989,down,False
762,2021-05-12,-3.3899999999999864,down,False
763,2021-05-13,1.1100000000000136,up,False
764,2021-05-14,3.099999999999966,up,False
765,2021-05-17,-1.4599999999999795,down,False
766,2021-05-18,0.37999999999999545,up,True
767,2021-05-19,-5.019999999999982,down,False
768,2021-05-20,0.8299999999999841,up,False
769,2021-05-21,1.8000000000000114,up,True
770,2021-05-24,2.0299999999999727,up,False
771,2021-05-25,1.1099999999999568,up,True
772,2021-05-26,0.6700000000000159,up,True
773,2021-05-27,1.240000000000009,up,False
774,2021-05-28,1.3800000000000523,up,False
775,2021-06-01,2.420000000000016,up,True
776,2021-06-02,0.8000000000000114,up,True
777,2021-06-03,-2.430000000000007,down,False
778,2021-06-04,1.9700000000000273,up,False
779,2021-06-07,0.21999999999997044,up,True
780,2021-06-08,0.8500000000000227,up,True
781,2021-06-09,0.8999999999999773,up,True
782,2021-06-10,1.329999999999984,up,True
783,2021-06-11,0.46999999999997044,up,True
784,2021-06-14,0.1500000000000341,up,True
785,2021-06-15,0.06999999999999318,up,True
786,2021-06-16,0.13999999999998636,up,True
787,2021-06-17,-0.6700000000000159,down,True
788,2021-06-18,-4.980000000000018,down,False
789,2021-06-21,2.240000000000009,up,False
790,2021-06-22,-0.01999999999998181,down,True
791,2021-06-23,0.21000000000003638,up,True
792,2021-06-24,2.0200000000000387,up,False
793,2021-06-25,0.9000000000000341,up,False
794,2021-06-28,0.339999999999975,up,True
795,2021-06-29,0.5399999999999636,up,True
796,2021-06-30,-0.5800000000000409,down,True
797,2021-07-01,0.2699999999999818,up,False
798,2021-07-02,1.2099999999999795,up,False
799,2021-07-06,0.18999999999999773,up,True
800,2021-07-07,1.0400000000000205,up,True
801,2021-07-08,-5.510000000000048,down,False
802,2021-07-09,1.8699999999999477,up,False
803,2021-07-12,-0.009999999999990905,down,True
804,2021-07-13,-0.8799999999999955,down,True
805,2021-07-14,1.7099999999999795,up,True
806,2021-07-15,-1.6000000000000227,down,False
807,2021-07-16,1.2099999999999795,up,True
808,2021-07-19,-5.420000000000016,down,False
809,2021-07-20,0.8400000000000318,up,True
810,2021-07-21,1.349999999999966,up,False
811,2021-07-22,0.06999999999999318,up,True
812,2021-07-23,1.919999999999959,up,False
813,2021-07-26,-0.37999999999999545,down,True
814,2021-07-27,-1.169999999999959,down,False
815,2021-07-28,0.9900000000000091,up,True
816,2021-07-29,1.1599999999999682,up,False
817,2021-07-30,-2.819999999999993,down,False
818,2021-08-02,1.4399999999999977,up,True
819,2021-08-03,0.6100000000000136,up,True
820,2021-08-04,-0.9700000000000273,down,False
821,2021-08-05,1.1900000000000546,up,False
822,2021-08-06,0.47999999999996135,up,False
823,2021-08-09,-0.08999999999997499,down,True
824,2021-08-10,0.3199999999999932,up,True
825,2021-08-11,1.3799999999999955,up,False
826,2021-08-12,-0.07999999999998408,down,True
827,2021-08-13,0.5199999999999818,up,False
828,2021-08-16,-1.3000000000000114,down,True
829,2021-08-17,-2.9599999999999795,down,False
830,2021-08-18,-0.7399999999999523,down,True
831,2021-08-19,-3.0,down,True
832,2021-08-20,0.21000000000003638,up,True
833,2021-08-23,1.9399999999999977,up,False
834,2021-08-24,0.5699999999999932,up,False
835,2021-08-25,0.17000000000001592,up,True
836,2021-08-26,-0.39999999999997726,down,False
837,2021-08-27,0.6700000000000159,up,False
838,2021-08-30,0.7599999999999909,up,False
839,2021-08-31,0.03999999999996362,up,True
840,2021-09-01,0.6800000000000068,up,True
841,2021-09-02,1.349999999999966,up,True
842,2021-09-03,-1.3100000000000023,down,True
843,2021-09-07,-0.2300000000000182,down,False
844,2021-09-08,-0.5800000000000409,down,True
845,2021-09-09,-0.15999999999996817,down,True
846,2021-09-10,2.0100000000000477,up,True
847,2021-09-13,3.0299999999999727,up,True
848,2021-09-14,1.25,up,True
849,2021-09-15,0.5099999999999909,up,True
850,2021-09-16,-0.4300000000000068,down,True
851,2021-09-17,-2.009999999999991,down,False
852,2021-09-20,-5.990000000000009,down,False
853,2021-09-21,2.609999999999957,up,True
854,2021-09-22,2.430000000000007,up,False
855,2021-09-23,2.159999999999968,up,False
856,2021-09-24,-1.6800000000000068,down,True
857,2021-09-27,-1.2699999999999818,down,False
858,2021-09-28,-2.829999999999984,down,False
859,2021-09-29,0.9599999999999795,up,True
860,2021-09-30,1.4599999999999795,up,True
861,2021-10-01,1.0900000000000318,up,True
862,2021-10-04,-1.259999999999991,down,False
863,2021-10-05,1.2699999999999818,up,False
864,2021-10-06,-3.740000000000009,down,True
865,2021-10-07,3.5200000000000387,up,False
866,2021-10-08,0.9200000000000159,up,True
867,2021-10-11,-0.5799999999999841,down,True
868,2021-10-12,1.25,up,True
869,2021-10-13,1.5500000000000114,up,True
870,2021-10-14,3.919999999999959,up,False
871,2021-10-15,2.349999999999966,up,False
872,2021-10-18,-1.8799999999999955,down,True
873,2021-10-19,1.740000000000009,up,False
874,2021-10-20,0.36000000000001364,up,False
875,2021-10-21,-0.5500000000000114,down,True
876,2021-10-22,-0.5300000000000296,down,True
877,2021-10-25,1.4700000000000273,up,True
878,2021-10-26,1.6800000000000068,up,False
879,2021-10-27,0.39999999999997726,up,True
880,2021-10-28,1.3800000000000523,up,False
881,2021-10-29,-2.589999999999975,down,True
882,2021-11-01,1.1000000000000227,up,True
883,2021-11-02,0.2300000000000182,up,False
884,2021-11-03,-0.4900000000000091,down,True
885,2021-11-04,0.839999999999975,up,False
886,2021-11-05,2.519999999999982,up,False
887,2021-11-08,1.599999999999966,up,False
888,2021-11-09,0.5500000000000114,up,True
889,2021-11-10,-1.6899999999999977,down,True
890,2021-11-11,1.579999999999984,up,False
891,2021-11-12,1.1899999999999977,up,False
892,2021-11-15,1.3899999999999864,up,True
893,2021-11-16,-0.3499999999999659,down,True
894,2021-11-17,-0.060000000000002274,down,True
895,2021-11-18,1.2200000000000273,up,True
896,2021-11-19,-0.339999999999975,down,True
897,2021-11-22,1.8899999999999864,up,True
898,2021-11-23,-0.029999999999972715,down,True
899,2021-11-24,-2.0,down,True
900,2021-11-26,-7.060000000000002,down,False
901,2021-11-29,7.050000000000011,up,False
902,2021-11-30,-2.740000000000009,down,False
903,2021-12-01,4.639999999999986,up,True
904,2021-12-02,-0.16999999999995907,down,True
905,2021-12-03,1.910000000000025,up,True
906,2021-12-06,2.7099999999999795,up,False
907,2021-12-07,5.890000000000043,up,False
908,2021-12-08,0.2699999999999818,up,True
909,2021-12-09,-1.4599999999999795,down,False
910,2021-12-10,2.8899999999999864,up,False
911,2021-12-13,-0.37999999999999545,down,False
912,2021-12-14,-3.4799999999999613,down,False
913,2021-12-15,0.4000000000000341,up,True
914,2021-12-16,2.079999999999984,up,True
915,2021-12-17,-4.979999999999961,down,False
916,2021-12-20,-5.310000000000002,down,False
917,2021-12-21,3.75,up,False
918,2021-12-22,0.05000000000001137,up,True
919,2021-12-23,1.1100000000000136,up,False
920,2021-12-27,1.1499999999999773,up,False
921,2021-12-28,0.35000000000002274,up,True
922,2021-12-29,-0.06999999999999318,down,True
923,2021-12-30,0.4000000000000341,up,True
924,2021-12-31,-0.7400000000000091,down,True
925,2022-01-03,0.8299999999999841,up,True
926,2022-01-04,1.5200000000000387,up,True
927,2022-01-05,-0.25,down,True
928,2022-01-06,-0.5500000000000114,down,True
929,2022-01-07,0.11000000000001364,up,True
930,2022-01-10,-3.5,down,False
931,2022-01-11,-0.2400000000000091,down,True
932,2022-01-12,1.829999999999984,up,True
933,2022-01-13,0.8600000000000136,up,True
934,2022-01-14,-3.579999999999984,down,True
935,2022-01-18,-5.079999999999984,down,False
936,2022-01-19,2.0300000000000296,up,True
937,2022-01-20,1.5199999999999818,up,True
938,2022-01-21,-1.1200000000000045,down,True
939,2022-01-24,-5.980000000000018,down,True
940,2022-01-25,-6.430000000000007,down,True
941,2022-01-26,6.1200000000000045,up,True
942,2022-01-27,4.849999999999966,up,True
943,2022-01-28,1.3199999999999932,up,True
944,2022-01-31,-0.14999999999997726,down,True
945,2022-02-01,1.3900000000000432,up,True
946,2022-02-02,2.269999999999982,up,True
947,2022-02-03,-6.260000000000048,down,False
948,2022-02-04,-0.339999999999975,down,True
949,2022-02-07,0.7099999999999795,up,True
950,2022-02-08,-0.7400000000000091,down,True
951,2022-02-09,4.439999999999998,up,False
952,2022-02-10,-5.8799999999999955,down,True
953,2022-02-11,0.37000000000000455,up,True
954,2022-02-14,-0.5600000000000023,down,True
955,2022-02-15,4.730000000000018,up,False
956,2022-02-16,-1.6899999999999977,down,True
957,2022-02-17,-3.160000000000025,down,False
958,2022-02-18,0.28000000000002956,up,True
959,2022-02-22,-2.580000000000041,down,True
960,2022-02-23,2.1899999999999977,up,True
961,2022-02-24,-11.060000000000002,down,True
962,2022-02-25,1.5600000000000023,up,True
963,2022-02-28,-5.759999999999991,down,True
964,2022-03-01,-1.5,down,True
965,2022-03-02,2.090000000000032,up,False
966,2022-03-03,2.6899999999999977,up,True
967,2022-03-04,-3.75,down,False
968,2022-03-07,-0.48999999999995225,down,False
969,2022-03-08,0.12999999999999545,up,True
970,2022-03-09,9.509999999999991,up,False
971,2022-03-10,-5.03000000000003,down,False
972,2022-03-11,2.7800000000000296,up,True
973,2022-03-14,0.6700000000000159,up,True
974,2022-03-15,2.0600000000000023,up,False
975,2022-03-16,3.890000000000043,up,True
976,2022-03-17,-1.8100000000000023,down,True
977,2022-03-18,-2.8899999999999864,down,True
978,2022-03-21,-0.27000000000003865,down,True
979,2022-03-22,1.6299999999999955,up,False
980,2022-03-23,-2.7799999999999727,down,False
981,2022-03-24,2.2099999999999795,up,False
982,2022-03-25,0.75,up,True
983,2022-03-28,-0.3199999999999932,down,True
984,2022-03-29,4.1299999999999955,up,False
985,2022-03-30,-1.1200000000000045,down,False
986,2022-03-31,-0.9000000000000341,down,False
987,2022-04-01,0.8999999999999773,up,True
988,2022-04-04,0.589999999999975,up,True
989,2022-04-05,-1.4899999999999523,down,True
990,2022-04-06,-4.430000000000007,down,False
991,2022-04-07,-0.7599999999999909,down,True
992,2022-04-08,-0.7899999999999636,down,True
993,2022-04-11,-3.6200000000000045,down,False
994,2022-04-12,3.180000000000007,up,True
995,2022-04-13,0.0999999999999659,up,True
996,2022-04-14,0.5500000000000114,up,True
997,2022-04-18,-0.9399999999999977,down,True
998,2022-04-19,-0.34000000000003183,down,True
999,2022-04-20,2.7900000000000205,up,True
1000,2022-04-21,3.5500000000000114,up,True
1001,2022-04-22,-0.8000000000000114,down,False
1002,2022-04-25,-1.8500000000000227,down,True
1003,2022-04-26,-2.930000000000007,down,False
1004,2022-04-27,1.330000000000041,up,True
1005,2022-04-28,5.160000000000025,up,False
1006,2022-04-29,-3.6499999999999773,down,False
1007,2022-05-02,-0.410000000000025,down,True
1008,2022-05-03,0.3300000000000409,up,True
1009,2022-05-04,0.6299999999999955,up,True
1010,2022-05-05,-4.089999999999975,down,False
1011,2022-05-06,-3.2299999999999613,down,True
1012,2022-05-09,-5.939999999999998,down,False
1013,2022-05-10,5.6200000000000045,up,True
1014,2022-05-11,-0.8199999999999932,down,True
1015,2022-05-12,-3.390000000000043,down,True
1016,2022-05-13,4.439999999999998,up,False
1017,2022-05-16,-1.419999999999959,down,True
1018,2022-05-17,6.3700000000000045,up,False
1019,2022-05-18,-4.519999999999982,down,False
1020,2022-05-19,-3.169999999999959,down,True
1021,2022-05-20,4.1299999999999955,up,True
1022,2022-05-23,2.930000000000007,up,False
1023,2022-05-24,-4.470000000000027,down,False
1024,2022-05-25,-1.9399999999999977,down,True
1025,2022-05-26,1.2800000000000296,up,False
1026,2022-05-27,2.75,up,False
1027,2022-05-31,-1.6499999999999773,down,True
1028,2022-06-01,2.0299999999999727,up,True
1029,2022-06-02,-0.39999999999997726,down,True
1030,2022-06-03,-4.670000000000016,down,False
1031,2022-06-06,4.430000000000007,up,False
1032,2022-06-07,-3.589999999999975,down,True
1033,2022-06-08,-1.2200000000000273,down,True
1034,2022-06-09,-1.900000000000034,down,True
1035,2022-06-10,-6.6200000000000045,down,False
1036,2022-06-13,-9.919999999999959,down,False
1037,2022-06-14,2.5400000000000205,up,True
1038,2022-06-15,3.759999999999991,up,True
1039,2022-06-16,-8.699999999999989,down,False
1040,2022-06-17,-1.6200000000000045,down,True
1041,2022-06-21,5.6299999999999955,up,False
1042,2022-06-22,-4.240000000000009,down,True
1043,2022-06-23,1.9399999999999977,up,True
1044,2022-06-24,3.859999999999957,up,False
1045,2022-06-27,1.3700000000000045,up,True
1046,2022-06-28,1.2699999999999818,up,True
1047,2022-06-29,0.4300000000000068,up,True
1048,2022-06-30,-4.2900000000000205,down,True
1049,2022-07-01,-0.34000000000003183,down,True
1050,2022-07-05,-5.4599999999999795,down,True
1051,2022-07-06,0.5400000000000205,up,True
1052,2022-07-07,1.8500000000000227,up,False
1053,2022-07-08,-1.420000000000016,down,True
1054,2022-07-11,-2.9399999999999977,down,False
1055,2022-07-12,-0.75,down,True
1056,2022-07-13,-5.550000000000011,down,True
1057,2022-07-14,-5.169999999999959,down,False
1058,2022-07-15,4.390000000000043,up,False
1059,2022-07-18,3.430000000000007,up,True
1060,2022-07-19,3.849999999999966,up,False
1061,2022-07-20,-0.029999999999972715,down,True
1062,2022-07-21,-0.7899999999999636,down,True
1063,2022-07-22,0.009999999999990905,up,True
1064,2022-07-25,1.170000000000016,up,True
1065,2022-07-26,-2.1100000000000136,down,False
1066,2022-07-27,3.230000000000018,up,False
1067,2022-07-28,1.1800000000000068,up,True
1068,2022-07-29,1.6299999999999955,up,False
1069,2022-08-01,-3.0299999999999727,down,True
1070,2022-08-02,-1.5,down,True
1071,2022-08-03,2.159999999999968,up,False
1072,2022-08-04,0.1500000000000341,up,True
1073,2022-08-05,-4.670000000000016,down,False
1074,2022-08-08,2.0400000000000205,up,True
1075,2022-08-09,-0.9499999999999886,down,False
1076,2022-08-10,7.1200000000000045,up,False
1077,2022-08-11,3.0600000000000023,up,True
1078,2022-08-12,1.5699999999999932,up,False
1079,2022-08-15,-2.0400000000000205,down,True
1080,2022-08-16,-0.9399999999999977,down,True
1081,2022-08-17,-3.490000000000009,down,True
1082,2022-08-18,0.12000000000000455,up,True
1083,2022-08-19,-2.829999999999984,down,False
1084,2022-08-22,-5.0,down,False
1085,2022-08-23,-0.5600000000000023,down,True
1086,2022-08-24,-0.35000000000002274,down,True
1087,2022-08-25,1.759999999999991,up,False
1088,2022-08-26,0.18999999999999773,up,True
1089,2022-08-29,-2.8899999999999864,down,True
1090,2022-08-30,0.9599999999999795,up,True
1091,2022-08-31,1.5699999999999932,up,True
1092,2022-09-01,-2.2200000000000273,down,True
1093,2022-09-02,3.919999999999959,up,True
1094,2022-09-06,0.8700000000000045,up,True
1095,2022-09-07,0.06999999999999318,up,True
1096,2022-09-08,-2.329999999999984,down,True
1097,2022-09-09,2.1200000000000045,up,False
1098,2022-09-12,2.3799999999999955,up,False
1099,2022-09-13,-9.370000000000005,down,False
1100,2022-09-14,0.910000000000025,up,True
1101,2022-09-15,-1.7200000000000273,down,True
1102,2022-09-16,-6.409999999999968,down,False
1103,2022-09-19,-3.410000000000025,down,True
1104,2022-09-20,-3.769999999999982,down,False
1105,2022-09-21,1.6899999999999977,up,True
1106,2022-09-22,-0.5500000000000114,down,True
1107,2022-09-23,-3.3600000000000136,down,False
1108,2022-09-26,-1.7300000000000182,down,True
1109,2022-09-27,3.8799999999999955,up,True
1110,2022-09-28,1.4600000000000364,up,True
1111,2022-09-29,-3.8000000000000114,down,False
1112,2022-09-30,-1.4899999999999523,down,True
1113,2022-10-03,3.1999999999999886,up,False
1114,2022-10-04,5.610000000000014,up,False
1115,2022-10-05,-4.350000000000023,down,True
1116,2022-10-06,-1.9399999999999977,down,True
1117,2022-10-07,-4.239999999999952,down,False
1118,2022-10-10,1.2000000000000455,up,True
1119,2022-10-11,-1.990000000000009,down,True
1120,2022-10-12,0.410000000000025,up,True
1121,2022-10-13,-7.579999999999984,down,True
1122,2022-10-14,2.4799999999999613,up,True
1123,2022-10-17,6.329999999999984,up,False
1124,2022-10-18,8.189999999999998,up,False
1125,2022-10-19,-2.0600000000000023,down,True
1126,2022-10-20,-0.5900000000000318,down,True
1127,2022-10-21,-0.45999999999997954,down,True
1128,2022-10-24,1.3599999999999568,up,True
1129,2022-10-25,0.020000000000038654,up,True
1130,2022-10-26,-2.9600000000000364,down,True
1131,2022-10-27,0.8199999999999932,up,True
1132,2022-10-28,-0.28000000000002956,down,True
1133,2022-10-31,-2.730000000000018,down,False
1134,2022-11-01,4.009999999999991,up,True
1135,2022-11-02,-0.8600000000000136,down,True
1136,2022-11-03,-3.170000000000016,down,False
1137,2022-11-04,5.970000000000027,up,True
1138,2022-11-07,1.3700000000000045,up,True
1139,2022-11-08,1.25,up,True
1140,2022-11-09,-1.650000000000034,down,False
1141,2022-11-10,13.75,up,False
1142,2022-11-11,1.1800000000000068,up,True
1143,2022-11-14,-1.5199999999999818,down,True
1144,2022-11-15,5.71999999999997,up,True
1145,2022-11-16,-2.0,down,False
1146,2022-11-17,-5.1200000000000045,down,False
1147,2022-11-18,3.410000000000025,up,True
1148,2022-11-21,-1.330000000000041,down,False
1149,2022-11-22,2.0399999999999636,up,False
1150,2022-11-23,-0.2400000000000091,down,True
1151,2022-11-25,-0.5900000000000318,down,True
1152,2022-11-28,-3.2700000000000387,down,False
1153,2022-11-29,-0.14999999999997726,down,True
1154,2022-11-30,0.1300000000000523,up,True
1155,2022-12-01,1.509999999999991,up,True
1156,2022-12-02,-4.849999999999966,down,True
1157,2022-12-05,-2.569999999999993,down,False
1158,2022-12-06,-0.3499999999999659,down,True
1159,2022-12-07,-0.9200000000000159,down,True
1160,2022-12-08,1.7899999999999636,up,False
1161,2022-12-09,-1.160000000000025,down,True
1162,2022-12-12,1.0299999999999727,up,False
1163,2022-12-13,11.689999999999998,up,False
1164,2022-12-14,-0.18000000000000682,down,True
1165,2022-12-15,-5.240000000000009,down,False
1166,2022-12-16,-4.519999999999982,down,False
1167,2022-12-19,0.1500000000000341,up,True
1168,2022-12-20,-0.8599999999999568,down,True
1169,2022-12-21,2.6000000000000227,up,False
1170,2022-12-22,-3.089999999999975,down,False
1171,2022-12-23,-1.5100000000000477,down,True
1172,2022-12-27,0.010000000000047748,up,True
1173,2022-12-28,-0.3800000000000523,down,True
1174,2022-12-29,2.980000000000018,up,False
1175,2022-12-30,-2.6299999999999955,down,False
1176,2023-01-03,1.9700000000000273,up,True
1177,2023-01-04,2.730000000000018,up,True
1178,2023-01-05,-1.6999999999999886,down,False
1179,2023-01-06,3.0400000000000205,up,True
1180,2023-01-09,2.259999999999991,up,True
1181,2023-01-10,-0.4300000000000068,down,True
1182,2023-01-11,1.6499999999999773,up,False
1183,2023-01-12,1.3000000000000114,up,True
1184,2023-01-13,-3.339999999999975,down,True
1185,2023-01-17,-0.01999999999998181,down,True
1186,2023-01-18,1.1499999999999773,up,True
1187,2023-01-19,-2.1399999999999864,down,False
1188,2023-01-20,0.8299999999999841,up,True
1189,2023-01-23,1.2100000000000364,up,False
1190,2023-01-24,-1.3199999999999932,down,True
1191,2023-01-25,-4.560000000000002,down,True
1192,2023-01-26,2.8600000000000136,up,True
1193,2023-01-27,-0.9500000000000455,down,True
1194,2023-01-30,-2.9500000000000455,down,False
1195,2023-01-31,0.18999999999999773,up,True
1196,2023-02-01,-1.0,down,True
1197,2023-02-02,4.509999999999991,up,False
1198,2023-02-03,-5.1200000000000045,down,True
1199,2023-02-06,-2.480000000000018,down,False
1200,2023-02-07,-1.2099999999999795,down,True
1201,2023-02-08,-1.6400000000000432,down,False
1202,2023-02-09,3.7100000000000364,up,True
1203,2023-02-10,-1.2699999999999818,down,True
1204,2023-02-13,0.7699999999999818,up,False
1205,2023-02-14,-1.5900000000000318,down,True
1206,2023-02-15,-2.1499999999999773,down,True
1207,2023-02-16,-5.069999999999993,down,False
1208,2023-02-17,-2.0500000000000114,down,False
1209,2023-02-21,-4.050000000000011,down,False
1210,2023-02-22,0.11000000000001364,up,True
1211,2023-02-23,3.0500000000000114,up,True
1212,2023-02-24,-5.259999999999991,down,False
1213,2023-02-27,3.6899999999999977,up,False
1214,2023-02-28,-0.6299999999999955,down,True
1215,2023-03-01,-0.47999999999996135,down,True
1216,2023-03-02,-1.9499999999999886,down,True
1217,2023-03-03,1.8899999999999864,up,False
1218,2023-03-06,1.0900000000000318,up,False
1219,2023-03-07,-0.08999999999997499,down,True
1220,2023-03-08,-0.12999999999999545,down,True
1221,2023-03-09,0.8899999999999864,up,True
1222,2023-03-10,-0.8100000000000023,down,True
1223,2023-03-13,-4.140000000000043,down,True
1224,2023-03-14,5.0400000000000205,up,False
1225,2023-03-15,-5.759999999999991,down,False
1226,2023-03-16,-2.5499999999999545,down,True
1227,2023-03-17,-2.579999999999984,down,False
1228,2023-03-20,0.25,up,True
1229,2023-03-21,3.6899999999999977,up,False
1230,2023-03-22,-0.20999999999997954,down,True
1231,2023-03-23,2.269999999999982,up,True
1232,2023-03-24,-1.160000000000025,down,True
1233,2023-03-27,2.430000000000007,up,True
1234,2023-03-28,-0.6700000000000159,down,True
1235,2023-03-29,4.100000000000023,up,False
1236,2023-03-30,2.930000000000007,up,False
1237,2023-03-31,0.9900000000000091,up,False
1238,2023-04-03,-0.3299999999999841,down,True
1239,2023-04-04,0.7800000000000296,up,True
1240,2023-04-05,-0.7800000000000296,down,False
1241,2023-04-06,-0.9300000000000068,down,True
1242,2023-04-10,-2.509999999999991,down,True
1243,2023-04-11,0.6800000000000068,up,True
1244,2023-04-12,1.9700000000000273,up,True
1245,2023-04-13,1.25,up,False
1246,2023-04-14,-0.4300000000000068,down,True
1247,2023-04-17,-0.18999999999999773,down,True
1248,2023-04-18,1.660000000000025,up,True
1249,2023-04-19,-1.7100000000000364,down,True
1250,2023-04-20,-2.7200000000000273,down,False
1251,2023-04-21,0.13999999999998636,up,True
1252,2023-04-24,-0.20999999999997954,down,True
1253,2023-04-25,-2.07000000000005,down,False
1254,2023-04-26,0.5099999999999909,up,True
1255,2023-04-27,2.5,up,False
1256,2023-04-28,-0.7099999999999795,down,True
1257,2023-05-01,-0.6899999999999977,down,True
1258,2023-05-02,-1.0100000000000477,down,False
1259,2023-05-03,0.4399999999999977,up,True
1260,2023-05-04,-1.1200000000000045,down,False
1261,2023-05-05,3.92999999999995,up,False
1262,2023-05-08,0.5499999999999545,up,True
1263,2023-05-09,-1.5699999999999932,down,False
1264,2023-05-10,2.8000000000000114,up,True
1265,2023-05-11,-1.0200000000000387,down,False
1266,2023-05-12,1.2700000000000387,up,True
1267,2023-05-15,0.6700000000000159,up,True
1268,2023-05-16,-0.9499999999999886,down,True
1269,2023-05-17,2.1299999999999955,up,False
1270,2023-05-18,-0.12000000000000455,down,True
1271,2023-05-19,0.9900000000000091,up,True
1272,2023-05-22,-0.009999999999990905,down,True
1273,2023-05-23,-1.7100000000000364,down,False
1274,2023-05-24,-1.6999999999999886,down,False
1275,2023-05-25,3.819999999999993,up,False
1276,2023-05-26,0.6899999999999977,up,False
1277,2023-05-30,1.8699999999999477,up,True
1278,2023-05-31,-1.8400000000000318,down,False
1279,2023-06-01,0.03999999999996362,up,True
1280,2023-06-02,2.819999999999993,up,False
1281,2023-06-05,0.4300000000000068,up,True
1282,2023-06-06,-0.44999999999998863,down,True
1283,2023-06-07,0.37000000000000455,up,True
1284,2023-06-08,0.020000000000038654,up,True
1285,2023-06-09,1.0199999999999818,up,True
1286,2023-06-12,0.8500000000000227,up,False
1287,2023-06-13,1.6200000000000045,up,False
1288,2023-06-14,0.5299999999999727,up,True
1289,2023-06-15,-1.0300000000000296,down,True
1290,2023-06-16,0.48999999999995225,up,True
1291,2023-06-20,-2.230000000000018,down,False
1292,2023-06-21,-0.7900000000000205,down,True
1293,2023-06-22,-1.089999999999975,down,True
1294,2023-06-23,-3.599999999999966,down,False
1295,2023-06-26,-0.5199999999999818,down,True
1296,2023-06-27,0.6800000000000068,up,False
1297,2023-06-28,-0.839999999999975,down,True
1298,2023-06-29,-0.6299999999999955,down,True
1299,2023-06-30,3.240000000000009,up,False
1300,2023-07-03,-0.020000000000038654,down,True
1301,2023-07-05,-2.0,down,False
1302,2023-07-06,-3.669999999999959,down,False
1303,2023-07-07,-1.1000000000000227,down,True
1304,2023-07-10,-0.5799999999999841,down,True
1305,2023-07-11,0.8799999999999955,up,True
1306,2023-07-12,4.180000000000007,up,False
1307,2023-07-13,1.7799999999999727,up,False
1308,2023-07-14,0.8400000000000318,up,True
1309,2023-07-17,0.13999999999998636,up,False
1310,2023-07-18,-0.12999999999999545,down,True
1311,2023-07-19,1.0399999999999636,up,False
1312,2023-07-20,-0.8899999999999864,down,True
1313,2023-07-21,1.5500000000000114,up,True
1314,2023-07-24,1.1399999999999864,up,False
1315,2023-07-25,-0.16999999999995907,down,True
1316,2023-07-26,-0.8099999999999454,down,True
1317,2023-07-27,3.599999999999966,up,True
1318,2023-07-28,3.3000000000000114,up,False
1319,2023-07-31,0.6899999999999977,up,True
1320,2023-08-01,-1.5500000000000114,down,False
1321,2023-08-02,-3.1399999999999864,down,False
1322,2023-08-03,-2.1100000000000136,down,True
1323,2023-08-04,1.910000000000025,up,True
1324,2023-08-07,1.920000000000016,up,False
1325,2023-08-08,-2.5,down,False
1326,2023-08-09,0.22999999999996135,up,True
1327,2023-08-10,2.1100000000000136,up,True
1328,2023-08-11,-1.829999999999984,down,True
1329,2023-08-14,-1.0200000000000387,down,True
1330,2023-08-15,-1.8199999999999932,down,False
1331,2023-08-16,-0.5,down,True
1332,2023-08-17,1.490000000000009,up,True
1333,2023-08-18,-2.909999999999968,down,True
1334,2023-08-21,0.6800000000000068,up,True
1335,2023-08-22,2.150000000000034,up,True
1336,2023-08-23,1.1399999999999864,up,False
1337,2023-08-24,1.8799999999999955,up,True
1338,2023-08-25,1.9300000000000068,up,True
1339,2023-08-28,2.1200000000000045,up,False
1340,2023-08-29,0.009999999999990905,up,True
1341,2023-08-30,0.38999999999998636,up,True
1342,2023-08-31,0.6899999999999977,up,True
1343,2023-09-01,2.5200000000000387,up,True
1344,2023-09-05,-0.3499999999999659,down,False
1345,2023-09-06,-1.0300000000000296,down,False
1346,2023-09-07,-3.0299999999999727,down,False
1347,2023-09-08,0.18999999999999773,up,True
1348,2023-09-11,2.7900000000000205,up,False
1349,2023-09-12,-1.5699999999999932,down,True
1350,2023-09-13,0.1400000000000432,up,True
1351,2023-09-14,2.339999999999975,up,False
1352,2023-09-15,-3.25,down,False
1353,2023-09-18,-0.5799999999999841,down,True
1354,2023-09-19,-0.9800000000000182,down,False
1355,2023-09-20,1.0,up,True
1356,2023-09-21,-2.7800000000000296,down,False
1357,2023-09-22,1.1800000000000068,up,True
1358,2023-09-25,-1.579999999999984,down,True
1359,2023-09-26,-3.25,down,False
1360,2023-09-27,1.1599999999999682,up,True
1361,2023-09-28,-0.6200000000000045,down,True
1362,2023-09-29,3.329999999999984,up,True
1363,2023-10-02,-0.6699999999999591,down,True
1364,2023-10-03,-2.4399999999999977,down,False
1365,2023-10-04,0.20999999999997954,up,True
1366,2023-10-05,-0.06999999999999318,down,True
1367,2023-10-06,-2.4699999999999704,down,True
1368,2023-10-09,-1.9300000000000068,down,True
1369,2023-10-10,0.7099999999999795,up,False
1370,2023-10-11,1.25,up,True
1371,2023-10-12,0.5699999999999932,up,True
1372,2023-10-13,1.420000000000016,up,True
1373,2023-10-16,2.490000000000009,up,False
1374,2023-10-17,-3.0400000000000205,down,True
1375,2023-10-18,-1.7099999999999795,down,False
1376,2023-10-19,0.11000000000001364,up,True
1377,2023-10-20,-0.3499999999999659,down,True
1378,2023-10-23,-1.3799999999999955,down,True
1379,2023-10-24,1.8100000000000023,up,True
1380,2023-10-25,-2.490000000000009,down,False
1381,2023-10-26,-1.329999999999984,down,False
1382,2023-10-27,1.6000000000000227,up,True
1383,2023-10-30,2.650000000000034,up,False
1384,2023-10-31,0.5199999999999818,up,True
1385,2023-11-01,1.240000000000009,up,False
1386,2023-11-02,3.930000000000007,up,False
1387,2023-11-03,2.5,up,False
1388,2023-11-06,0.5400000000000205,up,True
1389,2023-11-07,0.08999999999997499,up,True
1390,2023-11-08,0.7399999999999523,up,True
1391,2023-11-09,1.3400000000000318,up,True
1392,2023-11-10,2.069999999999993,up,False
1393,2023-11-13,-1.6100000000000136,down,True
1394,2023-11-14,6.029999999999973,up,False
1395,2023-11-15,0.9899999999999523,up,True
1396,2023-11-16,-0.16999999999995907,down,True
1397,2023-11-17,-0.009999999999990905,down,True
1398,2023-11-20,-0.17000000000001592,down,True
1399,2023-11-21,-0.9300000000000068,down,False
1400,2023-11-22,1.9499999999999886,up,False
1401,2023-11-24,-0.009999999999990905,down,True
1402,2023-11-27,-0.6299999999999955,down,True
1403,2023-11-28,-0.410000000000025,down,True
1404,2023-11-29,2.169999999999959,up,True
1405,2023-11-30,0.6999999999999886,up,True
1406,2023-12-01,-0.6100000000000136,down,True
1407,2023-12-04,-3.430000000000007,down,False
1408,2023-12-05,-1.2899999999999636,down,True
1409,2023-12-06,2.079999999999984,up,True
1410,2023-12-07,2.150000000000034,up,False
1411,2023-12-08,-0.6700000000000159,down,True
1412,2023-12-11,-0.4300000000000068,down,True
1413,2023-12-12,-0.3199999999999932,down,True
1414,2023-12-13,0.37999999999999545,up,False
1415,2023-12-14,2.0,up,True
1416,2023-12-15,-2.589999999999975,down,False
1417,2023-12-18,1.3700000000000045,up,False
1418,2023-12-19,0.8300000000000409,up,False
1419,2023-12-20,-0.8900000000000432,down,True
1420,2023-12-21,3.4599999999999795,up,False
1421,2023-12-22,1.259999999999991,up,True
1422,2023-12-26,0.3299999999999841,up,False
1423,2023-12-27,-0.2799999999999727,down,True
1424,2023-12-28,0.34000000000003183,up,True
1425,2023-12-29,-0.21999999999997044,down,True
1426,2024-01-02,-2.9499999999999886,down,False
1427,2024-01-03,-2.1100000000000136,down,False
1428,2024-01-04,-0.4300000000000068,down,True
1429,2024-01-05,0.25,up,True
1430,2024-01-08,0.4300000000000068,up,False
1431,2024-01-09,-2.579999999999984,down,True
1432,2024-01-10,0.17000000000001592,up,True
1433,2024-01-11,0.9599999999999795,up,True
1434,2024-01-12,1.579999999999984,up,True
1435,2024-01-16,-1.3899999999999864,down,False
1436,2024-01-17,-3.1999999999999886,down,False
1437,2024-01-18,1.740000000000009,up,False
1438,2024-01-19,1.5399999999999636,up,False
1439,2024-01-22,1.589999999999975,up,False
1440,2024-01-23,0.5,up,True
1441,2024-01-24,2.829999999999984,up,False
1442,2024-01-25,2.1999999999999886,up,False
1443,2024-01-26,-0.4300000000000068,down,True
1444,2024-01-29,0.4000000000000341,up,True
1445,2024-01-30,-0.5600000000000023,down,True
1446,2024-01-31,-2.3000000000000114,down,False
1447,2024-02-01,1.8600000000000136,up,False
1448,2024-02-02,0.6300000000000523,up,False
1449,2024-02-05,-0.060000000000002274,down,True
1450,2024-02-06,1.3599999999999568,up,True
1451,2024-02-07,2.3500000000000227,up,False
1452,2024-02-08,0.18999999999999773,up,True
1453,2024-02-09,0.6000000000000227,up,False
1454,2024-02-12,0.1400000000000432,up,True
1455,2024-02-13,-6.409999999999968,down,False
1456,2024-02-14,2.730000000000018,up,False
1457,2024-02-15,0.35000000000002274,up,True
1458,2024-02-16,-0.29000000000002046,down,True
1459,2024-02-20,-1.599999999999966,down,False
1460,2024-02-21,-1.089999999999975,down,True
1461,2024-02-22,6.889999999999986,up,False
1462,2024-02-23,1.8700000000000045,up,True
1463,2024-02-26,0.6000000000000227,up,True
1464,2024-02-27,0.8100000000000023,up,True
1465,2024-02-28,-1.6200000000000045,down,False
1466,2024-02-29,2.0299999999999727,up,True
1467,2024-03-01,0.6000000000000227,up,False
1468,2024-03-04,-0.7200000000000273,down,True
1469,2024-03-05,-1.8999999999999773,down,False
1470,2024-03-06,3.2100000000000364,up,False
1471,2024-03-07,3.170000000000016,up,False
1472,2024-03-08,0.6299999999999955,up,True
1473,2024-03-11,-1.740000000000009,down,False
1474,2024-03-12,2.060000000000059,up,True
1475,2024-03-13,0.3000000000000682,up,True
1476,2024-03-14,0.8999999999999773,up,True
1477,2024-03-15,-4.6299999999999955,down,False
1478,2024-03-18,3.9399999999999977,up,False
1479,2024-03-19,-0.5099999999999909,down,True
1480,2024-03-20,-0.029999999999972715,down,True
1481,2024-03-21,3.1499999999999773,up,False
1482,2024-03-22,-0.11000000000001364,down,True
1483,2024-03-25,-1.5,down,False
1484,2024-03-26,1.1800000000000637,up,True
1485,2024-03-27,2.6000000000000227,up,False
1486,2024-03-28,0.06000000000005912,up,True
1487,2024-04-01,0.82000000000005,up,True
1488,2024-04-02,-3.8999999999999773,down,False
1489,2024-04-03,-1.1599999999999682,down,True
1490,2024-04-04,3.7899999999999636,up,True
1491,2024-04-05,1.1499999999999773,up,False
1492,2024-04-08,0.8099999999999454,up,True
1493,2024-04-09,1.7200000000000273,up,True
1494,2024-04-10,-6.1200000000000045,down,False
1495,2024-04-11,1.82000000000005,up,True
1496,2024-04-12,-3.580000000000041,down,False
1497,2024-04-15,4.159999999999968,up,True
1498,2024-04-16,0.7799999999999727,up,True
1499,2024-04-17,2.8999999999999773,up,True
1500,2024-04-18,1.900000000000034,up,True
1501,2024-04-19,-0.2799999999999727,down,True
1502,2024-04-22,2.919999999999959,up,False
1503,2024-04-23,2.589999999999975,up,False
1504,2024-04-24,1.1000000000000227,up,True
1505,2024-04-25,-6.3700000000000045,down,False
1506,2024-04-26,2.0400000000000205,up,False
1507,2024-04-29,1.7799999999999727,up,True
1508,2024-04-30,-1.759999999999991,down,False
1509,2024-05-01,-0.7599999999999909,down,True
1510,2024-05-02,3.839999999999975,up,True
1511,2024-05-03,5.660000000000025,up,False
1512,2024-05-06,2.240000000000009,up,False
1513,2024-05-07,1.0299999999999727,up,True
1514,2024-05-08,-1.8999999999999773,down,True
1515,2024-05-09,0.18999999999994088,up,True
1516,2024-05-10,1.6999999999999318,up,True
1517,2024-05-13,1.8999999999999773,up,True
1518,2024-05-14,0.21000000000003638,up,True
1519,2024-05-15,2.57000000000005,up,False
1520,2024-05-16,0.5499999999999545,up,True
1521,2024-05-17,0.2599999999999909,up,True
1522,2024-05-20,0.44000000000005457,up,False
1523,2024-05-21,-0.9100000000000819,down,True
1524,2024-05-22,-0.38999999999998636,down,True
1525,2024-05-23,2.840000000000032,up,True
1526,2024-05-24,2.050000000000068,up,False
1527,2024-05-28,0.6899999999999409,up,True
1528,2024-05-29,-4.459999999999923,down,False
1529,2024-05-30,-1.4700000000000273,down,False
1530,2024-05-31,1.1299999999999955,up,True
1531,2024-06-03,1.5599999999999454,up,True
1532,2024-06-04,-1.1399999999999864,down,True
1533,2024-06-05,2.5799999999999272,up,False
1534,2024-06-06,0.5199999999999818,up,True
1535,2024-06-07,-0.6700000000000728,down,True
1536,2024-06-10,-0.6800000000000637,down,True
1537,2024-06-11,-1.3199999999999363,down,True
1538,2024-06-12,5.0,up,False
1539,2024-06-13,1.8700000000000045,up,True
1540,2024-06-14,-1.6299999999999955,down,True
1541,2024-06-17,-0.5499999999999545,down,True
1542,2024-06-18,0.2300000000000182,up,True
1543,2024-06-20,1.1600000000000819,up,True
1544,2024-06-21,-2.230000000000018,down,False
1545,2024-06-24,-0.2199999999999136,down,True
1546,2024-06-25,1.4400000000000546,up,True
1547,2024-06-26,-0.9099999999999682,down,True
1548,2024-06-27,0.16999999999995907,up,True
1549,2024-06-28,0.9100000000000819,up,True
1550,2024-07-01,1.240000000000009,up,True
1551,2024-07-02,-1.7300000000000182,down,True
1552,2024-07-03,0.11000000000001364,up,False
1553,2024-07-05,0.9099999999999682,up,False
1554,2024-07-08,1.0900000000000318,up,True
1555,2024-07-09,1.0900000000000318,up,False
1556,2024-07-10,1.1600000000000819,up,False
1557,2024-07-11,0.2800000000000864,up,True
1558,2024-07-12,1.4099999999999682,up,False
1559,2024-07-15,2.099999999999909,up,True
1560,2024-07-16,1.2999999999999545,up,False
1561,2024-07-17,-5.780000000000086,down,False
1562,2024-07-18,1.9600000000000364,up,True
1563,2024-07-19,-0.4500000000000455,down,True
1564,2024-07-22,3.769999999999982,up,False
1565,2024-07-23,-0.2400000000000091,down,True
1566,2024-07-24,-5.25,down,False
1567,2024-07-25,-0.07999999999992724,down,True
1568,2024-07-26,4.1200000000000045,up,False
1569,2024-07-29,1.8099999999999454,up,True
1570,2024-07-30,1.509999999999991,up,True
1571,2024-07-31,8.190000000000055,up,False
1572,2024-08-01,1.2200000000000273,up,True
1573,2024-08-02,-7.019999999999982,down,False
1574,2024-08-05,-21.210000000000036,down,False
1575,2024-08-06,0.7699999999999818,up,True
1576,2024-08-07,6.6299999999999955,up,True
1577,2024-08-08,5.439999999999941,up,False
1578,2024-08-09,-1.9600000000000364,down,True
1579,2024-08-12,1.3400000000000318,up,True
1580,2024-08-13,3.1099999999999,up,False
1581,2024-08-14,1.1499999999999773,up,True
1582,2024-08-15,5.610000000000014,up,False
1583,2024-08-16,-1.6000000000000227,down,True
1584,2024-08-19,0.4500000000000455,up,True
1585,2024-08-20,-0.10000000000002274,down,True
1586,2024-08-21,1.0,up,True
1587,2024-08-22,1.7299999999999045,up,True
1588,2024-08-23,3.3500000000000227,up,False
1589,2024-08-26,1.169999999999959,up,True
1590,2024-08-27,-1.1200000000000045,down,True
1591,2024-08-28,-0.38999999999998636,down,True
1592,2024-08-29,2.5499999999999545,up,True
1593,2024-08-30,2.1100000000000136,up,True
1594,2024-09-03,-2.769999999999982,down,False
1595,2024-09-04,-2.0399999999999636,down,True
1596,2024-09-05,0.08000000000004093,up,True
1597,2024-09-06,0.2799999999999727,up,True
1598,2024-09-09,4.779999999999973,up,False
1599,2024-09-10,1.7699999999999818,up,True
1600,2024-09-11,0.12999999999999545,up,True
1601,2024-09-12,0.7899999999999636,up,True
1602,2024-09-13,0.9500000000000455,up,False
1603,2024-09-16,-0.14999999999997726,down,True
1604,2024-09-17,2.4700000000000273,up,True
1605,2024-09-18,0.6699999999999591,up,True
1606,2024-09-19,9.769999999999982,up,False
1607,2024-09-20,-2.909999999999968,down,False
1608,2024-09-23,1.2900000000000773,up,False
1609,2024-09-24,0.7300000000000182,up,True
1610,2024-09-25,0.049999999999954525,up,True
1611,2024-09-26,4.459999999999923,up,True
1612,2024-09-27,1.0199999999999818,up,True
1613,2024-09-30,-0.900000000000091,down,True
1614,2024-10-01,0.029999999999972715,up,True
1615,2024-10-02,-1.4800000000000182,down,True
1616,2024-10-03,-1.4600000000000364,down,True
1617,2024-10-04,4.57000000000005,up,False
1618,2024-10-07,-1.509999999999991,down,False
1619,2024-10-08,2.5,up,False
1620,2024-10-09,0.2699999999999818,up,True
1621,2024-10-10,-1.1499999999999773,down,True
1622,2024-10-11,-0.05000000000006821,down,True
1623,2024-10-14,1.5900000000000318,up,False
1624,2024-10-15,0.34000000000003183,up,True
1625,2024-10-16,-0.10000000000002274,down,True
1626,2024-10-17,3.810000000000059,up,False
1627,2024-10-18,1.5200000000000955,up,False
1628,2024-10-21,-0.6899999999999409,down,True
1629,2024-10-22,-2.580000000000041,down,True
1630,2024-10-23,-1.82000000000005,down,False
1631,2024-10-24,2.1900000000000546,up,True
1632,2024-10-25,1.9800000000000182,up,True
1633,2024-10-28,3.5,up,False
1634,2024-10-29,-0.8600000000000136,down,True
1635,2024-10-30,-0.6999999999999318,down,True
1636,2024-10-31,-3.580000000000041,down,False
1637,2024-11-01,2.1000000000000227,up,False
1638,2024-11-04,-0.22000000000002728,down,True
1639,2024-11-05,1.0199999999999818,up,False
1640,2024-11-06,12.420000000000073,up,False
1641,2024-11-07,1.8500000000000227,up,False
1642,2024-11-08,0.6499999999999773,up,False
1643,2024-11-11,1.4799999999999045,up,True
1644,2024-11-12,0.34000000000003183,up,True
1645,2024-11-13,0.3100000000000591,up,True
1646,2024-11-14,0.12000000000000455,up,True
1647,2024-11-15,-3.5299999999999727,down,False
1648,2024-11-18,-0.07999999999992724,down,True
1649,2024-11-19,-3.439999999999941,down,True
1650,2024-11-20,-0.3100000000000591,down,True
1651,2024-11-21,2.699999999999932,up,True
1652,2024-11-22,-0.09000000000003183,down,True
1653,2024-11-25,3.699999999999932,up,True
1654,2024-11-26,1.42999999999995,up,False
1655,2024-11-27,-0.5099999999999909,down,False
1656,2024-11-29,0.8099999999999454,up,False
1657,2024-12-02,0.22000000000002728,up,True
1658,2024-12-03,-0.44000000000005457,down,True
1659,2024-12-04,1.6800000000000637,up,False
1660,2024-12-05,0.2699999999999818,up,True
1661,2024-12-06,1.0100000000001046,up,False
1662,2024-12-09,-0.2599999999999909,down,False
1663,2024-12-10,0.82000000000005,up,True
1664,2024-12-11,2.7999999999999545,up,False
1665,2024-12-12,-0.6299999999999955,down,False
1666,2024-12-13,2.0799999999999272,up,True
1667,2024-12-16,1.9399999999999409,up,False
1668,2024-12-17,-2.659999999999968,down,False
1669,2024-12-18,0.09000000000003183,up,True
1670,2024-12-19,5.139999999999986,up,True
1671,2024-12-20,-4.7000000000000455,down,True
1672,2024-12-23,-1.080000000000041,down,True
1673,2024-12-24,0.9499999999999318,up,False
1674,2024-12-26,-1.599999999999909,down,True
1675,2024-12-27,-3.769999999999982,down,False
1676,2024-12-30,-7.240000000000009,down,False
1677,2024-12-31,1.9500000000000455,up,True
1678,2025-01-02,3.2100000000000364,up,True
1679,2025-01-03,2.5699999999999363,up,False
1680,2025-01-06,4.449999999999932,up,False
1681,2025-01-07,1.7699999999999818,up,True
1682,2025-01-08,-0.09999999999990905,down,True
1683,2025-01-10,-4.0499999999999545,down,False
1684,2025-01-13,-4.940000000000055,down,True
1685,2025-01-14,2.82000000000005,up,True
1686,2025-01-15,7.730000000000018,up,False
1687,2025-01-16,1.3700000000000045,up,True
1688,2025-01-17,5.310000000000059,up,False
1689,2025-01-21,3.2000000000000455,up,False
1690,2025-01-22,2.75,up,False
1691,2025-01-23,-0.6700000000000728,down,True
1692,2025-01-24,0.40000000000009095,up,True
1693,2025-01-27,-13.010000000000105,down,False
1694,2025-01-28,1.2999999999999545,up,True
1695,2025-01-29,-0.4499999999999318,down,False
1696,2025-01-30,2.810000000000059,up,True
1697,2025-01-31,2.169999999999959,up,True
1698,2025-02-03,-9.379999999999995,down,False
1699,2025-02-04,0.2599999999999909,up,True
1700,2025-02-05,-1.2000000000000455,down,True
1701,2025-02-06,1.92999999999995,up,True
1702,2025-02-07,1.240000000000009,up,True
1703,2025-02-10,2.839999999999918,up,False
1704,2025-02-11,-1.9800000000000182,down,True
1705,2025-02-12,-5.919999999999959,down,False
1706,2025-02-13,1.0199999999999818,up,True
1707,2025-02-14,0.5,up,True
1708,2025-02-18,1.3400000000000318,up,True
1709,2025-02-19,-1.2099999999999227,down,True
1710,2025-02-20,-0.8500000000000227,down,False
1711,2025-02-21,-0.029999999999972715,down,True
1712,2025-02-24,1.7699999999999818,up,True
1713,2025-02-25,-0.10000000000002274,down,True
1714,2025-02-26,1.3299999999999272,up,True
1715,2025-02-27,2.009999999999991,up,True
1716,2025-02-28,0.6299999999999955,up,True
1717,2025-03-03,2.269999999999982,up,True
1718,2025-03-04,-4.669999999999959,down,True
1719,2025-03-05,-0.7799999999999727,down,True
1720,2025-03-06,-7.569999999999936,down,False
1721,2025-03-07,-2.2200000000000273,down,True
1722,2025-03-10,-8.019999999999982,down,False
1723,2025-03-11,-1.009999999999991,down,True
1724,2025-03-12,5.340000000000032,up,True
1725,2025-03-13,-0.12999999999999545,down,True
1726,2025-03-14,4.220000000000027,up,False
1727,2025-03-17,0.5699999999999363,up,False
1728,2025-03-18,-1.9600000000000364,down,False
1729,2025-03-19,1.2300000000000182,up,False
1730,2025-03-20,-4.0,down,True
1731,2025-03-21,-6.580000000000041,down,False
1732,2025-03-24,6.559999999999945,up,False
1733,2025-03-25,1.0199999999999818,up,True
1734,2025-03-26,-0.39999999999997726,down,True
1735,2025-03-27,-1.5299999999999727,down,True
1736,2025-03-28,-1.8799999999999955,down,False
1737,2025-03-31,-5.67999999999995,down,True
1738,2025-04-01,-0.5,down,True
1739,2025-04-02,-5.909999999999968,down,True
1740,2025-04-03,-19.350000000000023,down,False
1741,2025-04-04,-13.740000000000009,down,False
1742,2025-04-07,-16.33000000000004,down,True
1743,2025-04-08,16.880000000000052,up,True
1744,2025-04-09,-3.0500000000000114,down,True
1745,2025-04-10,-12.169999999999959,down,False
1746,2025-04-11,-1.7000000000000455,down,True
1747,2025-04-14,9.849999999999909,up,True
1748,2025-04-15,0.2599999999999909,up,True
1749,2025-04-16,-6.1299999999999955,down,False
1750,2025-04-17,1.8999999999999773,up,True
1751,2025-04-21,-5.3799999999999955,down,False
1752,2025-04-22,6.139999999999986,up,False
1753,2025-04-23,12.480000000000018,up,False
1754,2025-04-24,1.4400000000000546,up,False
1755,2025-04-25,-0.10000000000002274,down,True
1756,2025-04-28,0.75,up,True
