timestamp,trend_strength
2018-05-01 10:00:00-04:00,0.9047619047619383
2018-05-02 10:00:00-04:00,0.5217391304348041
2018-05-03 10:00:00-04:00,0.8352000000000044
2018-05-04 10:00:00-04:00,0.7738589211618214
2018-05-07 10:00:00-04:00,0.30097087378641796
2018-05-08 10:00:00-04:00,0.35714285714285715
2018-05-09 10:00:00-04:00,0.4891304347826181
2018-05-10 10:00:00-04:00,0.3809523809523584
2018-05-11 10:00:00-04:00,0.6190476190476019
2018-05-14 10:00:00-04:00,0.3124999999999889
2018-05-15 10:00:00-04:00,0.49180327868850854
2018-05-16 10:00:00-04:00,0.20289855072461857
2018-05-17 10:00:00-04:00,0.9333333333333109
2018-05-18 10:00:00-04:00,0.12037037037036794
2018-05-21 10:00:00-04:00,0.647435897435867
2018-05-22 10:00:00-04:00,0.4216867469879584
2018-05-23 10:00:00-04:00,0.29508196721311936
2018-05-24 10:00:00-04:00,0.6258503401360779
2018-05-25 10:00:00-04:00,0.3082191780821374
2018-05-29 10:00:00-04:00,0.7023809523809637
2018-05-30 10:00:00-04:00,0.9253731343283823
2018-05-31 10:00:00-04:00,0.5267857142857406
2018-06-01 10:00:00-04:00,0.2605042016806747
2018-06-04 10:00:00-04:00,0.4642857142857481
2018-06-05 10:00:00-04:00,0.07031250000002637
2018-06-06 10:00:00-04:00,0.39622641509438616
2018-06-07 10:00:00-04:00,0.402985074626846
2018-06-08 10:00:00-04:00,0.13432835820901093
2018-06-11 10:00:00-04:00,0.15957446808507292
2018-06-12 10:00:00-04:00,0.5526315789473212
2018-06-13 10:00:00-04:00,0.34210526315788686
2018-06-14 10:00:00-04:00,0.39215686274508277
2018-06-15 10:00:00-04:00,0.19841269841269984
2018-06-18 10:00:00-04:00,0.6346153846153961
2018-06-19 10:00:00-04:00,0.2892561983471175
2018-06-20 10:00:00-04:00,0.3809523809523584
2018-06-21 10:00:00-04:00,0.5866666666666637
2018-06-22 10:00:00-04:00,0.04301075268819373
2018-06-25 10:00:00-04:00,0.4159292035397985
2018-06-26 10:00:00-04:00,0.18677042801557592
2018-06-27 10:00:00-04:00,0.06629834254143681
2018-06-28 10:00:00-04:00,0.31081081081079315
2018-06-29 10:00:00-04:00,0.6549999999999727
2018-07-02 10:00:00-04:00,0.42608695652170603
2018-07-03 10:00:00-04:00,0.4610389610389217
2018-07-05 10:00:00-04:00,0.5439330543932637
2018-07-06 10:00:00-04:00,0.7065217391304597
2018-07-09 10:00:00-04:00,0.5066666666666606
2018-07-10 10:00:00-04:00,0.5691056910568467
2018-07-11 10:00:00-04:00,0.5324675324675382
2018-07-12 10:00:00-04:00,0.2833333333332544
2018-07-13 10:00:00-04:00,0.8155339805824766
2018-07-16 10:00:00-04:00,0.8181818181818886
2018-07-17 10:00:00-04:00,0.8764044943820691
2018-07-18 10:00:00-04:00,0.04545454545450435
2018-07-19 10:00:00-04:00,0.4210526315789684
2018-07-20 10:00:00-04:00,0.15686274509810477
2018-07-23 10:00:00-04:00,0.013698630136973502
2018-07-24 10:00:00-04:00,0.3749999999999619
2018-07-25 10:00:00-04:00,0.5740740740741169
2018-07-26 10:00:00-04:00,0.75
2018-07-27 10:00:00-04:00,0.33986928104572056
2018-07-30 10:00:00-04:00,0.5039370078740122
2018-07-31 10:00:00-04:00,0.15384615384608097
2018-08-01 10:00:00-04:00,0.2499999999999408
2018-08-02 10:00:00-04:00,0.31958762886591413
2018-08-03 10:00:00-04:00,0.2818791946309196
2018-08-06 10:00:00-04:00,0.5208333333333752
2018-08-07 10:00:00-04:00,0.15999999999996817
2018-08-08 10:00:00-04:00,0.6060606060605487
2018-08-09 10:00:00-04:00,0.4600000000000364
2018-08-10 10:00:00-04:00,0.5526315789473546
2018-08-13 10:00:00-04:00,0.2499999999999031
2018-08-14 10:00:00-04:00,0.48829431438128157
2018-08-15 10:00:00-04:00,0.8833333333333436
2018-08-16 10:00:00-04:00,0.678260869565207
2018-08-17 10:00:00-04:00,0.07874015748033399
2018-08-20 10:00:00-04:00,0.2857142857142986
2018-08-21 10:00:00-04:00,0.5901639344262387
2018-08-22 10:00:00-04:00,0.6560846560846656
2018-08-23 10:00:00-04:00,0.1607142857143419
2018-08-24 10:00:00-04:00,0.7772020725388344
2018-08-27 10:00:00-04:00,0.32000000000005
2018-08-28 10:00:00-04:00,0.33870967741931934
2018-08-29 10:00:00-04:00,0.7216494845360505
2018-08-30 10:00:00-04:00,0.4800000000000182
2018-08-31 10:00:00-04:00,0.45312500000004163
2018-09-04 10:00:00-04:00,0.8557692307692476
2018-09-05 10:00:00-04:00,0.1826086956521507
2018-09-06 10:00:00-04:00,0.8075117370891898
2018-09-07 10:00:00-04:00,0.67682926829265
2018-09-10 10:00:00-04:00,0.5138888888888757
2018-09-11 10:00:00-04:00,0.3114754098360549
2018-09-12 10:00:00-04:00,0.3809523809523758
2018-09-13 10:00:00-04:00,0.42233009708739205
2018-09-14 10:00:00-04:00,0.11290322580643979
2018-09-17 10:00:00-04:00,0.8333333333334062
2018-09-18 10:00:00-04:00,0.586206896551749
2018-09-19 10:00:00-04:00,0.18461538461538193
2018-09-20 10:00:00-04:00,0.4897959183673564
2018-09-21 10:00:00-04:00,0.5423728813558913
2018-09-24 10:00:00-04:00,0.4923076923076995
2018-09-25 10:00:00-04:00,0.6964285714285442
2018-09-26 10:00:00-04:00,0.2794117647058762
2018-09-27 10:00:00-04:00,0.8651685393258994
2018-09-28 10:00:00-04:00,0.6594594594594662
2018-10-01 10:00:00-04:00,0.20930232558146605
2018-10-02 10:00:00-04:00,0.039473684210490884
2018-10-03 10:00:00-04:00,0.19718309859153577
2018-10-04 10:00:00-04:00,0.7938931297710066
2018-10-05 10:00:00-04:00,0.3838383838383757
2018-10-08 10:00:00-04:00,0.19496855345915276
2018-10-09 10:00:00-04:00,0.13138686131387314
2018-10-10 10:00:00-04:00,0.43181818181819354
2018-10-11 10:00:00-04:00,0.9546925566342906
2018-10-12 10:00:00-04:00,0.27127659574467666
2018-10-15 10:00:00-04:00,0.23404255319148337
2018-10-16 10:00:00-04:00,0.7482517482517399
2018-10-17 10:00:00-04:00,0.47916666666664137
2018-10-18 10:00:00-04:00,0.6551724137930922
2018-10-19 10:00:00-04:00,0.25454545454547617
2018-10-22 10:00:00-04:00,0.4367088607594899
2018-10-23 10:00:00-04:00,0.3097345132743325
2018-10-24 10:00:00-04:00,0.7730061349693217
2018-10-25 10:00:00-04:00,0.3473053892215781
2018-10-26 10:00:00-04:00,0.9458689458689464
2018-10-29 10:00:00-04:00,0.06358381502890895
2018-10-30 10:00:00-04:00,0.7728937728937727
2018-10-31 10:00:00-04:00,0.05072463768115464
2018-11-01 10:00:00-04:00,0.5578512396694272
2018-11-02 10:00:00-04:00,0.5650557620817781
2018-11-05 10:00:00-05:00,0.44374999999999665
2018-11-06 10:00:00-05:00,0.24999999999998224
2018-11-07 10:00:00-05:00,0.6304347826086983
2018-11-08 10:00:00-05:00,0.22093023255813338
2018-11-09 10:00:00-05:00,0.4017857142857025
2018-11-12 10:00:00-05:00,0.7368421052631697
2018-11-13 10:00:00-05:00,0.06220095693782481
2018-11-14 10:00:00-05:00,0.8472906403941135
2018-11-15 10:00:00-05:00,0.018018018018027014
2018-11-16 10:00:00-05:00,0.3242424242424327
2018-11-19 10:00:00-05:00,0.47236180904522285
2018-11-20 10:00:00-05:00,0.5872093023255764
2018-11-21 10:00:00-05:00,0.06060606060606235
2018-11-23 10:00:00-05:00,0.06185567010309339
2018-11-26 10:00:00-05:00,0.12834224598930938
2018-11-27 10:00:00-05:00,0.5232558139534998
2018-11-28 10:00:00-05:00,0.2869955156950734
2018-11-29 10:00:00-05:00,0.5089820359281184
2018-11-30 10:00:00-05:00,0.2898550724637721
2018-12-03 10:00:00-05:00,0.4385964912280754
2018-12-04 10:00:00-05:00,0.5965909090908863
2018-12-06 10:00:00-05:00,0.3883495145631119
2018-12-07 10:00:00-05:00,0.5788043478260847
2018-12-10 10:00:00-05:00,0.37299035369775563
2018-12-11 10:00:00-05:00,0.3846153846153798
2018-12-12 10:00:00-05:00,0.6786885245901652
2018-12-13 10:00:00-05:00,0.016000000000008185
2018-12-14 10:00:00-05:00,0.3841463414634497
2018-12-17 10:00:00-05:00,0.6145251396648101
2018-12-18 10:00:00-05:00,0.7435897435897221
2018-12-19 10:00:00-05:00,0.8390804597700662
2018-12-20 10:00:00-05:00,0.10344827586207235
2018-12-21 10:00:00-05:00,0.10810810810810147
2018-12-24 10:00:00-05:00,0.2847380410022788
2018-12-26 10:00:00-05:00,0.6803652968036579
2018-12-27 10:00:00-05:00,0.12955465587044265
2018-12-28 10:00:00-05:00,0.5871559633027467
2018-12-31 10:00:00-05:00,0.5674157303370891
2019-01-02 10:00:00-05:00,0.6627450980392192
2019-01-03 10:00:00-05:00,0.59190031152648
2019-01-04 10:00:00-05:00,0.5770392749244698
2019-01-07 10:00:00-05:00,0.6698564593301407
2019-01-08 10:00:00-05:00,0.6370370370370287
2019-01-09 10:00:00-05:00,0.5380952380952301
2019-01-10 10:00:00-05:00,0.8709677419354932
2019-01-11 10:00:00-05:00,0.5454545454545032
2019-01-14 10:00:00-05:00,0.6261682242990843
2019-01-15 10:00:00-05:00,0.27857142857142336
2019-01-16 10:00:00-05:00,0.18750000000003172
2019-01-17 10:00:00-05:00,0.09722222222221674
2019-01-18 10:00:00-05:00,0.6746987951807386
2019-01-22 10:00:00-05:00,0.7093023255813807
2019-01-23 10:00:00-05:00,0.7642857142857082
2019-01-24 10:00:00-05:00,0.32450331125828613
2019-01-25 10:00:00-05:00,0.723404255319158
2019-01-28 10:00:00-05:00,0.023437499999978142
2019-01-29 10:00:00-05:00,0.7149758454106117
2019-01-30 10:00:00-05:00,0.3734939759036244
2019-01-31 10:00:00-05:00,0.662420382165621
2019-02-01 10:00:00-05:00,0.35582822085888693
2019-02-04 10:00:00-05:00,0.20224719101124672
2019-02-05 10:00:00-05:00,0.5723684210526414
2019-02-06 10:00:00-05:00,0.1912350597609641
2019-02-07 10:00:00-05:00,0.5176470588235129
2019-02-08 10:00:00-05:00,0.278846153846168
2019-02-11 10:00:00-05:00,0.1874999999999689
2019-02-12 10:00:00-05:00,0.5934065934066367
2019-02-13 10:00:00-05:00,0.06164383561646342
2019-02-14 10:00:00-05:00,0.18400000000001454
2019-02-15 10:00:00-05:00,0.09890109890107487
2019-02-19 10:00:00-05:00,0.18965517241382182
2019-02-20 10:00:00-05:00,0.13768115942032985
2019-02-21 10:00:00-05:00,0.2
2019-02-22 10:00:00-05:00,0.469565217391282
2019-02-25 10:00:00-05:00,0.6744186046511782
2019-02-26 10:00:00-05:00,0.29292929292927034
2019-02-27 10:00:00-05:00,0.456521739130433
2019-02-28 10:00:00-05:00,0.5428571428571011
2019-03-01 10:00:00-05:00,0.7637795275590533
2019-03-04 10:00:00-05:00,0.8834951456310669
2019-03-05 10:00:00-05:00,0.14117647058816998
2019-03-06 10:00:00-05:00,0.4075829383886294
2019-03-07 10:00:00-05:00,0.01801801801805262
2019-03-08 10:00:00-05:00,0.1541095890410747
2019-03-11 10:00:00-04:00,0.9275362318840158
2019-03-12 10:00:00-04:00,0.4623655913978534
2019-03-13 10:00:00-04:00,0.8159999999999854
2019-03-14 10:00:00-04:00,0.2142857142856721
2019-03-15 10:00:00-04:00,0.2857142857142277
2019-03-18 10:00:00-04:00,0.12280701754384915
2019-03-19 10:00:00-04:00,0.2098765432098956
2019-03-20 10:00:00-04:00,0.4468085106382687
2019-03-21 10:00:00-04:00,0.9615384615384426
2019-03-22 10:00:00-04:00,0.3018867924528464
2019-03-25 10:00:00-04:00,0.7248677248677107
2019-03-26 10:00:00-04:00,0.1182795698924258
2019-03-27 10:00:00-04:00,0.3258426966291991
2019-03-28 10:00:00-04:00,0.3734939759036244
2019-03-29 10:00:00-04:00,0.504672897196284
2019-04-01 10:00:00-04:00,0.5483870967742409
2019-04-02 10:00:00-04:00,0.4915254237288691
2019-04-03 10:00:00-04:00,0.5445544554455607
2019-04-04 10:00:00-04:00,0.30476190476189496
2019-04-05 10:00:00-04:00,0.22826086956511532
2019-04-08 10:00:00-04:00,0.4807692307692476
2019-04-09 10:00:00-04:00,0.08955223880597142
2019-04-10 10:00:00-04:00,0.16037735849051848
2019-04-11 10:00:00-04:00,0.22807017543859123
2019-04-12 10:00:00-04:00,0.7450000000000045
2019-04-15 10:00:00-04:00,0.48275862068967096
2019-04-16 10:00:00-04:00,0.5967741935482984
2019-04-17 10:00:00-04:00,0.4305555555555424
2019-04-18 10:00:00-04:00,0.1012658227848666
2019-04-22 10:00:00-04:00,0.18518518518522029
2019-04-23 10:00:00-04:00,0.9
2019-04-24 10:00:00-04:00,0.715596330275258
2019-04-25 10:00:00-04:00,0.11851851851849793
2019-04-26 10:00:00-04:00,0.5098039215686745
2019-04-29 10:00:00-04:00,0.19444444444451242
2019-04-30 10:00:00-04:00,0.4042553191489079
2019-05-01 10:00:00-04:00,0.2500000000000444
2019-05-02 10:00:00-04:00,0.5045454545454764
2019-05-03 10:00:00-04:00,0.3999999999999858
2019-05-06 10:00:00-04:00,0.48305084745761856
2019-05-07 10:00:00-04:00,0.8645161290322356
2019-05-08 10:00:00-04:00,0.4733333333333576
2019-05-09 10:00:00-04:00,0.7368421052631579
2019-05-10 10:00:00-04:00,0.8571428571428571
2019-05-13 10:00:00-04:00,0.20618556701031934
2019-05-14 10:00:00-04:00,0.7803030303030136
2019-05-15 10:00:00-04:00,0.7434944237918222
2019-05-16 10:00:00-04:00,0.9059405940594344
2019-05-17 10:00:00-04:00,0.7862318840579587
2019-05-20 10:00:00-04:00,0.49264705882353615
2019-05-21 10:00:00-04:00,0.6666666666666804
2019-05-22 10:00:00-04:00,0.2846153846153856
2019-05-23 10:00:00-04:00,0.46240601503760637
2019-05-24 10:00:00-04:00,0.83116883116887
2019-05-28 10:00:00-04:00,0.7074829931972684
2019-05-29 10:00:00-04:00,0.10569105691056385
2019-05-30 10:00:00-04:00,0.5368852459016515
2019-05-31 10:00:00-04:00,0.42056074766354345
2019-06-03 10:00:00-04:00,0.6823529411764712
2019-06-04 10:00:00-04:00,0.6666666666666788
2019-06-05 10:00:00-04:00,0.5649717514124352
2019-06-06 10:00:00-04:00,0.4199999999999591
2019-06-07 10:00:00-04:00,0.9625360230547566
2019-06-10 10:00:00-04:00,0.42424242424245295
2019-06-11 10:00:00-04:00,0.6056338028168642
2019-06-12 10:00:00-04:00,0.5638297872340754
2019-06-13 10:00:00-04:00,0.8478260869564774
2019-06-14 10:00:00-04:00,0.5875000000000675
2019-06-17 10:00:00-04:00,0.40624999999999445
2019-06-18 10:00:00-04:00,0.6263736263736016
2019-06-19 10:00:00-04:00,0.641666666666688
2019-06-20 10:00:00-04:00,0.76106194690267
2019-06-21 10:00:00-04:00,0.4772727272726524
2019-06-24 10:00:00-04:00,0.37142857142856445
2019-06-25 10:00:00-04:00,0.6914893617021052
2019-06-26 10:00:00-04:00,0.06849315068495071
2019-06-27 10:00:00-04:00,0.41666666666665086
2019-06-28 10:00:00-04:00,0.23809523809531544
2019-07-01 10:00:00-04:00,0.4174757281553575
2019-07-02 10:00:00-04:00,0.644444444444443
2019-07-03 10:00:00-04:00,0.7037037037037635
2019-07-05 10:00:00-04:00,0.10280373831777041
2019-07-08 10:00:00-04:00,0.15476190476189347
2019-07-09 10:00:00-04:00,0.6153846153846355
2019-07-10 10:00:00-04:00,0.8916666666666272
2019-07-11 10:00:00-04:00,0.5531914893617446
2019-07-12 10:00:00-04:00,0.2680412371133851
2019-07-15 10:00:00-04:00,0.1956521739131214
2019-07-16 10:00:00-04:00,0.10638297872331419
2019-07-17 10:00:00-04:00,0.6503759398496108
2019-07-18 10:00:00-04:00,0.39374999999999155
2019-07-19 10:00:00-04:00,0.5421686746988603
2019-07-22 10:00:00-04:00,0.7383177570093165
2019-07-23 10:00:00-04:00,0.34722222222220905
2019-07-24 10:00:00-04:00,0.3650793650793966
2019-07-25 10:00:00-04:00,0.6666666666666666
2019-07-26 10:00:00-04:00,0.16666666666666666
2019-07-29 10:00:00-04:00,0.27118644067792363
2019-07-30 10:00:00-04:00,0.33628318584067146
2019-07-31 10:00:00-04:00,0.3692307692307961
2019-08-01 10:00:00-04:00,0.8144329896907144
2019-08-02 10:00:00-04:00,0.8119658119658352
2019-08-05 10:00:00-04:00,0.5207100591715956
2019-08-06 10:00:00-04:00,0.22413793103447166
2019-08-07 10:00:00-04:00,0.7535014005602249
2019-08-08 10:00:00-04:00,0.847826086956536
2019-08-09 10:00:00-04:00,0.3333333333333333
2019-08-12 10:00:00-04:00,0.2925170068027203
2019-08-13 10:00:00-04:00,0.279069767441874
2019-08-14 10:00:00-04:00,0.9657142857142844
2019-08-15 10:00:00-04:00,0.33986928104578296
2019-08-16 10:00:00-04:00,0.9315068493150788
2019-08-19 10:00:00-04:00,0.0759493670886085
2019-08-20 10:00:00-04:00,0.810218978102197
2019-08-21 10:00:00-04:00,0.36923076923076387
2019-08-22 10:00:00-04:00,0.9415584415584402
2019-08-23 10:00:00-04:00,0.38197424892703535
2019-08-26 10:00:00-04:00,0.3051470588235414
2019-08-27 10:00:00-04:00,0.8016528925619726
2019-08-28 10:00:00-04:00,0.6070038910506217
2019-08-29 10:00:00-04:00,0.3220338983050842
2019-08-30 10:00:00-04:00,0.5225225225225529
2019-09-03 10:00:00-04:00,0.24038461538461064
2019-09-04 10:00:00-04:00,0.10119047619045485
2019-09-05 10:00:00-04:00,0.38095238095239814
2019-09-06 10:00:00-04:00,0.5172413793103944
2019-09-09 10:00:00-04:00,0.8429752066115299
2019-09-10 10:00:00-04:00,0.09411764705880858
2019-09-11 10:00:00-04:00,0.7966101694915287
2019-09-12 10:00:00-04:00,0.026385224274411794
2019-09-13 10:00:00-04:00,0.2761194029850715
2019-09-16 10:00:00-04:00,0.5764705882353279
2019-09-17 10:00:00-04:00,0.34615384615383354
2019-09-18 10:00:00-04:00,0.2608695652172892
2019-09-19 10:00:00-04:00,0.4545454545454937
2019-09-20 10:00:00-04:00,0.07142857142850617
2019-09-23 10:00:00-04:00,0.5
2019-09-24 10:00:00-04:00,0.7113402061855446
2019-09-25 10:00:00-04:00,0.4625550660792923
2019-09-26 10:00:00-04:00,0.2
2019-09-27 10:00:00-04:00,0.5182481751825065
2019-09-30 10:00:00-04:00,0.1864406779660364
2019-10-01 10:00:00-04:00,0.9719298245613893
2019-10-02 10:00:00-04:00,0.6747572815533907
2019-10-03 10:00:00-04:00,0.26495726495726757
2019-10-04 10:00:00-04:00,0.3511450381679661
2019-10-07 10:00:00-04:00,0.7672413793103166
2019-10-08 10:00:00-04:00,0.4310344827586114
2019-10-09 10:00:00-04:00,0.45637583892613814
2019-10-10 10:00:00-04:00,0.4979591836734713
2019-10-11 10:00:00-04:00,0.6268656716418
2019-10-14 10:00:00-04:00,0.575163398692775
2019-10-15 10:00:00-04:00,0.9950859950859995
2019-10-16 10:00:00-04:00,0.7657657657657648
2019-10-17 10:00:00-04:00,0.792452830188654
2019-10-18 10:00:00-04:00,0.5641025641025778
2019-10-21 10:00:00-04:00,0.5970149253730862
2019-10-22 10:00:00-04:00,0.040322580645216
2019-10-23 10:00:00-04:00,0.1874999999999689
2019-10-24 10:00:00-04:00,0.05217391304352554
2019-10-25 10:00:00-04:00,0.8828828828828824
2019-10-28 10:00:00-04:00,0.33628318584067146
2019-10-29 10:00:00-04:00,0.6111111111111112
2019-10-30 10:00:00-04:00,0.1785714285714177
2019-10-31 10:00:00-04:00,0.30322580645160274
2019-11-01 10:00:00-04:00,0.3545454545454531
2019-11-04 10:00:00-05:00,0.1818181818182194
2019-11-05 10:00:00-05:00,0.40336134453778344
2019-11-06 10:00:00-05:00,0.43181818181830806
2019-11-07 10:00:00-05:00,0.2499999999999556
2019-11-08 10:00:00-05:00,0.6929824561403771
2019-11-11 10:00:00-05:00,0.3692307692307961
2019-11-12 10:00:00-05:00,0.41428571428575023
2019-11-13 10:00:00-05:00,0.7721518987342301
2019-11-14 10:00:00-05:00,0.5365853658536247
2019-11-15 10:00:00-05:00,0.9076923076923009
2019-11-18 10:00:00-05:00,0.2333333333333485
2019-11-19 10:00:00-05:00,0.755555555555519
2019-11-20 10:00:00-05:00,0.2013422818791629
2019-11-21 10:00:00-05:00,0.18534482758623033
2019-11-22 10:00:00-05:00,0.6261682242990312
2019-11-25 10:00:00-05:00,0.36170212765951015
2019-11-26 10:00:00-05:00,0.0888888888889366
2019-11-27 10:00:00-05:00,0.12820512820516183
2019-11-29 10:00:00-05:00,0.3225806451613613
2019-12-02 10:00:00-05:00,0.8791208791208637
2019-12-03 10:00:00-05:00,0.12605042016804835
2019-12-04 10:00:00-05:00,0.2631578947369051
2019-12-05 10:00:00-05:00,0.07777777777776725
2019-12-06 10:00:00-05:00,0.500000000000049
2019-12-09 10:00:00-05:00,0.12499999999988898
2019-12-10 10:00:00-05:00,0.7900000000000205
2019-12-11 10:00:00-05:00,0.8214285714285018
2019-12-12 10:00:00-05:00,0.40163934426224696
2019-12-13 10:00:00-05:00,0.35514018691587645
2019-12-16 10:00:00-05:00,0.701492537313372
2019-12-17 10:00:00-05:00,0.18644067796611477
2019-12-18 10:00:00-05:00,0.4999999999999474
2019-12-19 10:00:00-05:00,0.42857142857142855
2019-12-20 10:00:00-05:00,0.6888888888889113
2019-12-23 10:00:00-05:00,0.7142857142856679
2019-12-24 10:00:00-05:00,0.4399999999998272
2019-12-26 10:00:00-05:00,0.8194444444444576
2019-12-27 10:00:00-05:00,0.857142857142836
2019-12-30 10:00:00-05:00,0.25000000000003947
2019-12-31 10:00:00-05:00,0.9197860962566361
2020-01-02 10:00:00-05:00,0.48627450980393383
2020-01-03 10:00:00-05:00,0.22429906542055877
2020-01-06 10:00:00-05:00,0.6200000000000045
2020-01-07 10:00:00-05:00,0.7431693989070947
2020-01-08 10:00:00-05:00,0.39631336405529255
2020-01-09 10:00:00-05:00,0.5542168674698655
2020-01-10 10:00:00-05:00,0.09259259259251462
2020-01-13 10:00:00-05:00,0.3225806451612696
2020-01-14 10:00:00-05:00,0.5600000000000213
2020-01-15 10:00:00-05:00,0.46280991735535637
2020-01-16 10:00:00-05:00,0.0
2020-01-17 10:00:00-05:00,0.4040404040403774
2020-01-21 10:00:00-05:00,0.10256410256410008
2020-01-22 10:00:00-05:00,0.4477611940298571
2020-01-23 10:00:00-05:00,0.027027027027002114
2020-01-24 10:00:00-05:00,0.7571428571428404
2020-01-27 10:00:00-05:00,0.4580152671755891
2020-01-28 10:00:00-05:00,0.9206349206349321
2020-01-29 10:00:00-05:00,0.37710437710437517
2020-01-30 10:00:00-05:00,0.6363636363636229
2020-01-31 10:00:00-05:00,0.9140969162995639
2020-02-03 10:00:00-05:00,0.0040650406504029344
2020-02-04 10:00:00-05:00,0.1953488372093279
2020-02-05 10:00:00-05:00,0.24850299401198594
2020-02-06 10:00:00-05:00,0.23762376237624877
2020-02-07 10:00:00-05:00,0.42399999999997817
2020-02-10 10:00:00-05:00,0.5684210526315474
2020-02-11 10:00:00-05:00,0.5323383084577388
2020-02-12 10:00:00-05:00,0.5921052631578869
2020-02-13 10:00:00-05:00,0.625
2020-02-14 10:00:00-05:00,0.5714285714286101
2020-02-18 10:00:00-05:00,0.50655021834063
2020-02-19 10:00:00-05:00,0.46428571428569615
2020-02-20 10:00:00-05:00,0.263157894736861
2020-02-21 10:00:00-05:00,0.1666666666666606
2020-02-24 10:00:00-05:00,0.2645739910313835
2020-02-25 10:00:00-05:00,0.6457925636007833
2020-02-26 10:00:00-05:00,0.484057971014499
2020-02-27 10:00:00-05:00,0.07662835249042842
2020-02-28 10:00:00-05:00,0.4819639278557051
2020-03-02 10:00:00-05:00,0.36607142857141894
2020-03-03 10:00:00-05:00,0.5574999999999974
2020-03-04 10:00:00-05:00,0.12827225130890313
2020-03-05 10:00:00-05:00,0.49659863945577576
2020-03-06 10:00:00-05:00,0.6958955223880507
2020-03-09 10:00:00-04:00,0.2930232558139506
2020-03-10 10:00:00-04:00,0.6463022508038527
2020-03-11 10:00:00-04:00,0.45626477541371124
2020-03-12 10:00:00-04:00,0.1441441441441459
2020-03-13 10:00:00-04:00,0.2892223738062757
2020-03-16 10:00:00-04:00,0.5009578544061294
2020-03-17 10:00:00-04:00,0.8034285714285716
2020-03-18 10:00:00-04:00,0.3983050847457614
2020-03-19 10:00:00-04:00,0.17119565217391214
2020-03-20 10:00:00-04:00,0.887298747763865
2020-03-23 10:00:00-04:00,0.7014652014652027
2020-03-24 10:00:00-04:00,0.42669584245076403
2020-03-25 10:00:00-04:00,0.48160535117056863
2020-03-26 10:00:00-04:00,0.3997867803837955
2020-03-27 10:00:00-04:00,0.003745318352067141
2020-03-30 10:00:00-04:00,0.4750656167979006
2020-03-31 10:00:00-04:00,0.6447688564476809
2020-04-01 10:00:00-04:00,0.5328031809145112
2020-04-02 10:00:00-04:00,0.6722817764165369
2020-04-03 10:00:00-04:00,0.5606060606060592
2020-04-06 10:00:00-04:00,0.21052631578947512
2020-04-07 10:00:00-04:00,0.7852348993288554
2020-04-08 10:00:00-04:00,0.7055393586005864
2020-04-09 10:00:00-04:00,0.3229461756373924
2020-04-13 10:00:00-04:00,0.40057636887608017
2020-04-14 10:00:00-04:00,0.5855855855855985
2020-04-15 10:00:00-04:00,0.279620853080582
2020-04-16 10:00:00-04:00,0.5888501742160261
2020-04-17 10:00:00-04:00,0.6655948553054611
2020-04-20 10:00:00-04:00,0.6532846715328449
2020-04-21 10:00:00-04:00,0.9324324324324476
2020-04-22 10:00:00-04:00,0.10795454545454472
2020-04-23 10:00:00-04:00,0.6061643835616343
2020-04-24 10:00:00-04:00,0.4522292993630825
2020-04-27 10:00:00-04:00,0.14516129032259173
2020-04-28 10:00:00-04:00,0.8325688073394459
2020-04-29 10:00:00-04:00,0.23655913978494328
2020-04-30 10:00:00-04:00,0.12121212121214626
2020-05-01 10:00:00-04:00,0.005617977528084865
2020-05-04 10:00:00-04:00,0.07784431137724204
2020-05-05 10:00:00-04:00,0.1818181818182194
2020-05-06 10:00:00-04:00,0.29749103942653576
2020-05-07 10:00:00-04:00,0.6755852842809283
2020-05-08 10:00:00-04:00,0.010309278350506402
2020-05-11 10:00:00-04:00,0.4455445544554383
2020-05-12 10:00:00-04:00,0.1991341991342196
2020-05-13 10:00:00-04:00,0.026923076923074066
2020-05-14 10:00:00-04:00,0.6957547169811279
2020-05-15 10:00:00-04:00,0.37675350701402643
2020-05-18 10:00:00-04:00,0.6813186813186889
2020-05-19 10:00:00-04:00,0.38323353293411994
2020-05-20 10:00:00-04:00,0.44859813084108824
2020-05-21 10:00:00-04:00,0.6
2020-05-22 10:00:00-04:00,0.6384615384615923
2020-05-26 10:00:00-04:00,0.4086956521739448
2020-05-27 10:00:00-04:00,0.4838709677419271
2020-05-28 10:00:00-04:00,0.6303630363036631
2020-05-29 10:00:00-04:00,0.6169665809768893
2020-06-01 10:00:00-04:00,0.6268656716417574
2020-06-02 10:00:00-04:00,0.055944055944084296
2020-06-03 10:00:00-04:00,0.47222222222221694
2020-06-04 10:00:00-04:00,0.6318181818181625
2020-06-05 10:00:00-04:00,0.8994082840236928
2020-06-08 10:00:00-04:00,0.054054054054048124
2020-06-09 10:00:00-04:00,0.6926406926407018
2020-06-10 10:00:00-04:00,0.6864406779661162
2020-06-11 10:00:00-04:00,0.8481848184818536
2020-06-12 10:00:00-04:00,0.8554006968641145
2020-06-15 10:00:00-04:00,0.39676113360324183
2020-06-16 10:00:00-04:00,0.776595744680855
2020-06-17 10:00:00-04:00,0.07359307359308041
2020-06-18 10:00:00-04:00,0.6990291262136097
2020-06-19 10:00:00-04:00,0.5390624999999858
2020-06-22 10:00:00-04:00,0.2199999999999894
2020-06-23 10:00:00-04:00,0.12418300653598559
2020-06-24 10:00:00-04:00,0.5791855203619948
2020-06-25 10:00:00-04:00,0.46411483253586394
2020-06-26 10:00:00-04:00,0.8153846153846088
2020-06-29 10:00:00-04:00,0.7029876977152832
2020-06-30 10:00:00-04:00,0.8969072164948511
2020-07-01 10:00:00-04:00,0.5066666666666606
2020-07-02 10:00:00-04:00,0.8633217993079642
2020-07-06 10:00:00-04:00,0.08333333333334567
2020-07-07 10:00:00-04:00,0.714285714285687
2020-07-08 10:00:00-04:00,0.5511811023622237
2020-07-09 10:00:00-04:00,0.9092896174863465
2020-07-10 10:00:00-04:00,0.38888888888889106
2020-07-13 10:00:00-04:00,0.8360655737704776
2020-07-14 10:00:00-04:00,0.28272980501393713
2020-07-15 10:00:00-04:00,0.18947368421053576
2020-07-16 10:00:00-04:00,0.11890243902438295
2020-07-17 10:00:00-04:00,0.17563739376770804
2020-07-20 10:00:00-04:00,0.6435406698564801
2020-07-21 10:00:00-04:00,0.2252559726962775
2020-07-22 10:00:00-04:00,0.38636363636367455
2020-07-23 10:00:00-04:00,0.46474358974360364
2020-07-24 10:00:00-04:00,0.7099697885196217
2020-07-27 10:00:00-04:00,0.033333333333301754
2020-07-28 10:00:00-04:00,0.6911764705882556
2020-07-29 10:00:00-04:00,0.9399999999999977
2020-07-30 10:00:00-04:00,0.6515151515151558
2020-07-31 10:00:00-04:00,0.6059322033898444
2020-08-03 10:00:00-04:00,0.0805860805860934
2020-08-04 10:00:00-04:00,0.6759259259259527
2020-08-05 10:00:00-04:00,0.0740740740740039
2020-08-06 10:00:00-04:00,0.3521594684385589
2020-08-07 10:00:00-04:00,0.3039215686274401
2020-08-10 10:00:00-04:00,0.8690744920993377
2020-08-11 10:00:00-04:00,0.20155038759689786
2020-08-12 10:00:00-04:00,0.6254545454545554
2020-08-13 10:00:00-04:00,0.11428571428568413
2020-08-14 10:00:00-04:00,0.12643678160921043
2020-08-17 10:00:00-04:00,0.16279069767441093
2020-08-18 10:00:00-04:00,0.34065934065934445
2020-08-19 10:00:00-04:00,0.7377049180329137
2020-08-20 10:00:00-04:00,0.410000000000025
2020-08-21 10:00:00-04:00,0.0
2020-08-24 10:00:00-04:00,0.4296296296296106
2020-08-25 10:00:00-04:00,0.5688073394495289
2020-08-26 10:00:00-04:00,0.6420454545454553
2020-08-27 10:00:00-04:00,0.1220657276995265
2020-08-28 10:00:00-04:00,0.7500000000000723
2020-08-31 10:00:00-04:00,0.7469879518072488
2020-09-01 10:00:00-04:00,0.1393442622950984
2020-09-02 10:00:00-04:00,0.6021505376344066
2020-09-03 10:00:00-04:00,0.798561151079136
2020-09-04 10:00:00-04:00,0.516751269035535
2020-09-08 10:00:00-04:00,0.2676923076923091
2020-09-09 10:00:00-04:00,0.6914285714285597
2020-09-10 10:00:00-04:00,0.7268041237113393
2020-09-11 10:00:00-04:00,0.5121951219512384
2020-09-14 10:00:00-04:00,0.45679012345679443
2020-09-15 10:00:00-04:00,0.07246376811595874
2020-09-16 10:00:00-04:00,0.21917808219181817
2020-09-17 10:00:00-04:00,0.4834024896265359
2020-09-18 10:00:00-04:00,0.4653061224489994
2020-09-21 10:00:00-04:00,0.659740259740271
2020-09-22 10:00:00-04:00,0.42776735459664494
2020-09-23 10:00:00-04:00,0.42528735632184206
2020-09-24 10:00:00-04:00,0.2823529411764665
2020-09-25 10:00:00-04:00,0.3534246575342489
2020-09-28 10:00:00-04:00,0.14569536423842955
2020-09-29 10:00:00-04:00,0.43396226415094996
2020-09-30 10:00:00-04:00,0.5094339622641422
2020-10-01 10:00:00-04:00,0.021978021978032617
2020-10-02 10:00:00-04:00,0.2991202346041264
2020-10-05 10:00:00-04:00,0.8434343434343438
2020-10-06 10:00:00-04:00,0.35810810810812366
2020-10-07 10:00:00-04:00,0.3529411764705981
2020-10-08 10:00:00-04:00,0.12698412698414774
2020-10-09 10:00:00-04:00,0.0
2020-10-12 10:00:00-04:00,0.7485380116958994
2020-10-13 10:00:00-04:00,0.30976430976429314
2020-10-14 10:00:00-04:00,0.5250000000000057
2020-10-15 10:00:00-04:00,0.4864864864864682
2020-10-16 10:00:00-04:00,0.45373134328357356
2020-10-19 10:00:00-04:00,0.633569739952731
2020-10-20 10:00:00-04:00,0.7251461988304233
2020-10-21 10:00:00-04:00,0.7458563535911404
2020-10-22 10:00:00-04:00,0.3945578231292605
2020-10-23 10:00:00-04:00,0.6203208556149548
2020-10-26 10:00:00-04:00,0.843023255813964
2020-10-27 10:00:00-04:00,0.48704663212434945
2020-10-28 10:00:00-04:00,0.7358490566037825
2020-10-29 10:00:00-04:00,0.4981549815498276
2020-10-30 10:00:00-04:00,0.8886792452830238
2020-11-02 10:00:00-05:00,0.24675324675324356
2020-11-03 10:00:00-05:00,0.8928571428571573
2020-11-04 10:00:00-05:00,0.8091787439613497
2020-11-05 10:00:00-05:00,0.7589098532494798
2020-11-06 10:00:00-05:00,0.25101214574898695
2020-11-09 10:00:00-05:00,0.049367088607593354
2020-11-10 10:00:00-05:00,0.48110831234255796
2020-11-11 10:00:00-05:00,0.5762711864406804
2020-11-12 10:00:00-05:00,0.47887323943661914
2020-11-13 10:00:00-05:00,0.5957446808510355
2020-11-16 10:00:00-05:00,0.8843930635838229
2020-11-17 10:00:00-05:00,0.9368191721132734
2020-11-18 10:00:00-05:00,0.7012987012986707
2020-11-19 10:00:00-05:00,0.09895833333333426
2020-11-20 10:00:00-05:00,0.17647058823530395
2020-11-23 10:00:00-05:00,0.4430379746835483
2020-11-24 10:00:00-05:00,0.7227414330218398
2020-11-25 10:00:00-05:00,0.11881188118812439
2020-11-27 10:00:00-05:00,0.5689655172413675
2020-11-30 10:00:00-05:00,0.40058479532164354
2020-12-01 10:00:00-05:00,0.08150470219435603
2020-12-02 10:00:00-05:00,0.2872340425531728
2020-12-03 10:00:00-05:00,0.4803921568627358
2020-12-04 10:00:00-05:00,0.7155172413793163
2020-12-07 10:00:00-05:00,0.056603773584964344
2020-12-08 10:00:00-05:00,0.4230769230769029
2020-12-09 10:00:00-05:00,0.6170212765957618
2020-12-10 10:00:00-05:00,0.20869565217392508
2020-12-11 10:00:00-05:00,0.04761904761904977
2020-12-14 10:00:00-05:00,0.8305084745762363
2020-12-15 10:00:00-05:00,0.11009174311926702
2020-12-16 10:00:00-05:00,0.23333333333330175
2020-12-17 10:00:00-05:00,0.20289855072470095
2020-12-18 10:00:00-05:00,0.5083333333333495
2020-12-21 10:00:00-05:00,0.4966216216216247
2020-12-22 10:00:00-05:00,0.07751937984493698
2020-12-23 10:00:00-05:00,0.22619047619054788
2020-12-24 10:00:00-05:00,0.38181818181827953
2020-12-28 10:00:00-05:00,0.618644067796622
2020-12-29 10:00:00-05:00,0.17857142857146846
2020-12-30 10:00:00-05:00,0.16091954022993388
2020-12-31 10:00:00-05:00,0.2456140350876983
2021-01-04 10:00:00-05:00,0.9005102040816221
2021-01-05 10:00:00-05:00,0.5322580645161223
2021-01-06 10:00:00-05:00,0.7539682539682654
2021-01-07 10:00:00-05:00,0.8988764044943799
2021-01-08 10:00:00-05:00,0.03652968036531553
2021-01-11 10:00:00-05:00,0.44761904761906873
2021-01-12 10:00:00-05:00,0.20138888888889547
2021-01-13 10:00:00-05:00,0.45833333333334075
2021-01-14 10:00:00-05:00,0.09210526315788686
2021-01-15 10:00:00-05:00,0.5027777777777832
2021-01-19 10:00:00-05:00,0.009009009009052377
2021-01-20 10:00:00-05:00,0.832369942196549
2021-01-21 10:00:00-05:00,0.6893939393939619
2021-01-22 10:00:00-05:00,0.11486486486487421
2021-01-25 10:00:00-05:00,0.6794520547945297
2021-01-26 10:00:00-05:00,0.19463087248323402
2021-01-27 10:00:00-05:00,0.7888888888888905
2021-01-28 10:00:00-05:00,0.7525773195876216
2021-01-29 10:00:00-05:00,0.171171171171167
2021-02-01 10:00:00-05:00,0.09429824561402289
2021-02-02 10:00:00-05:00,0.7256097560975656
2021-02-03 10:00:00-05:00,0.49034749034751
2021-02-04 10:00:00-05:00,0.41954022988506573
2021-02-05 10:00:00-05:00,0.3783783783783753
2021-02-08 10:00:00-05:00,0.12676056338025013
2021-02-09 10:00:00-05:00,0.11904761904760186
2021-02-10 10:00:00-05:00,0.4266365688487547
2021-02-11 10:00:00-05:00,0.1650485436893311
2021-02-12 10:00:00-05:00,0.6654929577464667
2021-02-16 10:00:00-05:00,0.26780626780625166
2021-02-17 10:00:00-05:00,0.08588957055213911
2021-02-18 10:00:00-05:00,0.40094339622639813
2021-02-19 10:00:00-05:00,0.023529411764683855
2021-02-22 10:00:00-05:00,0.4723926380368
2021-02-23 10:00:00-05:00,0.6991774383078792
2021-02-24 10:00:00-05:00,0.5919282511210768
2021-02-25 10:00:00-05:00,0.577259475218663
2021-02-26 10:00:00-05:00,0.057203389830517024
2021-03-01 10:00:00-05:00,0.7669172932330995
2021-03-02 10:00:00-05:00,0.4280303030302943
2021-03-03 10:00:00-05:00,0.2863247863247962
2021-03-04 10:00:00-05:00,0.255208333333336
2021-03-05 10:00:00-05:00,0.4498834498834493
2021-03-08 10:00:00-05:00,0.6428571428571318
2021-03-09 10:00:00-05:00,0.6826347305389415
2021-03-10 10:00:00-05:00,0.3726235741444726
2021-03-11 10:00:00-05:00,0.5092165898617691
2021-03-12 10:00:00-05:00,0.5444444444444683
2021-03-15 10:00:00-04:00,0.038216560509590575
2021-03-16 10:00:00-04:00,0.17499999999998045
2021-03-17 10:00:00-04:00,0.6
2021-03-18 10:00:00-04:00,0.0
2021-03-19 10:00:00-04:00,0.47330960854091925
2021-03-22 10:00:00-04:00,0.5390070921985656
2021-03-23 10:00:00-04:00,0.054285714285729876
2021-03-24 10:00:00-04:00,0.7203791469194449
2021-03-25 10:00:00-04:00,0.423529411764701
2021-03-26 10:00:00-04:00,0.17187499999998057
2021-03-29 10:00:00-04:00,0.6285714285714356
2021-03-30 10:00:00-04:00,0.10497237569060634
2021-03-31 10:00:00-04:00,0.6865671641791053
2021-04-01 10:00:00-04:00,0.8490566037735616
2021-04-05 10:00:00-04:00,0.5927977839335307
2021-04-06 10:00:00-04:00,0.07751937984498106
2021-04-07 10:00:00-04:00,0.40555555555557593
2021-04-08 10:00:00-04:00,0.1592039800995281
2021-04-09 10:00:00-04:00,0.5185185185185367
2021-04-12 10:00:00-04:00,0.12871287128712536
2021-04-13 10:00:00-04:00,0.042553191489325674
2021-04-14 10:00:00-04:00,0.552631578947396
2021-04-15 10:00:00-04:00,0.6666666666666532
2021-04-16 10:00:00-04:00,0.3952569169960517
2021-04-19 10:00:00-04:00,0.554585152838415
2021-04-20 10:00:00-04:00,0.7010676156583519
2021-04-21 10:00:00-04:00,0.30909090909087994
2021-04-22 10:00:00-04:00,0.3467492260062036
2021-04-23 10:00:00-04:00,0.9218750000000397
2021-04-26 10:00:00-04:00,0.1052631578947421
2021-04-27 10:00:00-04:00,0.31372549019611556
2021-04-28 10:00:00-04:00,0.5211267605634017
2021-04-29 10:00:00-04:00,0.6469135802469219
2021-04-30 10:00:00-04:00,0.8312757201646266
2021-05-03 10:00:00-04:00,0.5999999999999802
2021-05-04 10:00:00-04:00,0.42657342657345104
2021-05-05 10:00:00-04:00,0.09770114942526333
2021-05-06 10:00:00-04:00,0.20833333333334603
2021-05-07 10:00:00-04:00,0.6815642458100634
2021-05-10 10:00:00-04:00,0.38848920863311204
2021-05-11 10:00:00-04:00,0.5915221579961454
2021-05-12 10:00:00-04:00,0.6123188405797113
2021-05-13 10:00:00-04:00,0.8948717948718025
2021-05-14 10:00:00-04:00,0.3023255813953775
2021-05-17 10:00:00-04:00,0.018292682926847444
2021-05-18 10:00:00-04:00,0.40397350993374864
2021-05-19 10:00:00-04:00,0.07246376811595874
2021-05-20 10:00:00-04:00,0.7272727272727828
2021-05-21 10:00:00-04:00,0.605405405405419
2021-05-24 10:00:00-04:00,0.8461538461538562
2021-05-25 10:00:00-04:00,0.21126760563375996
2021-05-26 10:00:00-04:00,0.8403361344537831
2021-05-27 10:00:00-04:00,0.01081081081080151
2021-05-28 10:00:00-04:00,0.36448598130838145
2021-06-01 10:00:00-04:00,0.7004830917874364
2021-06-02 10:00:00-04:00,0.3783783783783369
2021-06-03 10:00:00-04:00,0.9310344827585869
2021-06-04 10:00:00-04:00,0.7187500000000722
2021-06-07 10:00:00-04:00,0.5274725274725034
2021-06-08 10:00:00-04:00,0.18309859154929464
2021-06-09 10:00:00-04:00,0.013513513513577873
2021-06-10 10:00:00-04:00,0.5849673202614442
2021-06-11 10:00:00-04:00,0.584158415841621
2021-06-14 10:00:00-04:00,0.24675324675324964
2021-06-15 10:00:00-04:00,0.8333333333332726
2021-06-16 10:00:00-04:00,0.18867924528307148
2021-06-17 10:00:00-04:00,0.03278688524590317
2021-06-18 10:00:00-04:00,0.6335403726708261
2021-06-21 10:00:00-04:00,0.8755102040816293
2021-06-22 10:00:00-04:00,0.8033240997229824
2021-06-23 10:00:00-04:00,0.07692307692307693
2021-06-24 10:00:00-04:00,0.08917197452228792
2021-06-25 10:00:00-04:00,0.08139534883720008
2021-06-28 10:00:00-04:00,0.3725490196078453
2021-06-29 10:00:00-04:00,0.0325203252033144
2021-06-30 10:00:00-04:00,0.8354430379746216
2021-07-01 10:00:00-04:00,0.22580645161297125
2021-07-02 10:00:00-04:00,0.22857142857136825
2021-07-06 10:00:00-04:00,0.9607843137254984
2021-07-07 10:00:00-04:00,0.46120689655172253
2021-07-08 10:00:00-04:00,0.6770025839793286
2021-07-09 10:00:00-04:00,0.5882352941176313
2021-07-12 10:00:00-04:00,0.609865470852019
2021-07-13 10:00:00-04:00,0.08556149732618598
2021-07-14 10:00:00-04:00,0.010752688172033153
2021-07-15 10:00:00-04:00,0.432835820895561
2021-07-16 10:00:00-04:00,0.6478873239436612
2021-07-19 10:00:00-04:00,0.06735751295336727
2021-07-20 10:00:00-04:00,0.8571428571428642
2021-07-21 10:00:00-04:00,0.26900584795324983
2021-07-22 10:00:00-04:00,0.48828124999998873
2021-07-23 10:00:00-04:00,0.9225352112675969
2021-07-26 10:00:00-04:00,0.42500000000003374
2021-07-27 10:00:00-04:00,0.4000000000000067
2021-07-28 10:00:00-04:00,0.49116607773850396
2021-07-29 10:00:00-04:00,0.6576576576576659
2021-07-30 10:00:00-04:00,0.519736842105226
2021-08-02 10:00:00-04:00,0.21296296296293032
2021-08-03 10:00:00-04:00,0.5369458128079047
2021-08-04 10:00:00-04:00,0.3750000000000052
2021-08-05 10:00:00-04:00,0.2448979591836782
2021-08-06 10:00:00-04:00,0.07228915662651016
2021-08-09 10:00:00-04:00,0.0975609756097375
2021-08-10 10:00:00-04:00,0.36774193548386386
2021-08-11 10:00:00-04:00,0.36538461538458383
2021-08-12 10:00:00-04:00,0.5610859728507025
2021-08-13 10:00:00-04:00,0.05405405405408104
2021-08-16 10:00:00-04:00,0.20717131474102937
2021-08-17 10:00:00-04:00,0.4493670886075865
2021-08-18 10:00:00-04:00,0.29896907216490254
2021-08-19 10:00:00-04:00,0.3870967741935373
2021-08-20 10:00:00-04:00,0.2598425196850306
2021-08-23 10:00:00-04:00,0.7876106194690177
2021-08-24 10:00:00-04:00,0.2500000000000444
2021-08-25 10:00:00-04:00,0.19148936170218428
2021-08-26 10:00:00-04:00,0.5995260663507006
2021-08-27 10:00:00-04:00,0.6715328467153171
2021-08-30 10:00:00-04:00,0.8612903225806623
2021-08-31 10:00:00-04:00,0.9065420560747445
2021-09-01 10:00:00-04:00,0.920634920634902
2021-09-02 10:00:00-04:00,0.09230769230769903
2021-09-03 10:00:00-04:00,0.10344827586210502
2021-09-07 10:00:00-04:00,0.047169811320765344
2021-09-08 10:00:00-04:00,0.6594982078852909
2021-09-09 10:00:00-04:00,0.08333333333331853
2021-09-10 10:00:00-04:00,0.6535087719298364
2021-09-13 10:00:00-04:00,0.2474747474747569
2021-09-14 10:00:00-04:00,0.75
2021-09-15 10:00:00-04:00,0.018750000000018873
2021-09-16 10:00:00-04:00,0.7345971563981049
2021-09-17 10:00:00-04:00,0.5977653631284809
2021-09-20 10:00:00-04:00,0.7959183673469482
2021-09-21 10:00:00-04:00,0.7332421340629234
2021-09-22 10:00:00-04:00,0.7812500000000012
2021-09-23 10:00:00-04:00,0.8713450292397529
2021-09-24 10:00:00-04:00,0.570588235294085
2021-09-27 10:00:00-04:00,0.18927444794952963
2021-09-28 10:00:00-04:00,0.7423999999999978
2021-09-29 10:00:00-04:00,0.33116883116882084
2021-09-30 10:00:00-04:00,0.7647058823529277
2021-10-01 10:00:00-04:00,0.07467532467531252
2021-10-04 10:00:00-04:00,0.7627257799671616
2021-10-05 10:00:00-04:00,0.9669669669669798
2021-10-06 10:00:00-04:00,0.531645569620246
2021-10-07 10:00:00-04:00,0.577586206896504
2021-10-08 10:00:00-04:00,0.2399999999999916
2021-10-11 10:00:00-04:00,0.2666666666666835
2021-10-12 10:00:00-04:00,0.023809523809535892
2021-10-13 10:00:00-04:00,0.1957671957671996
2021-10-14 10:00:00-04:00,0.9789156626505877
2021-10-15 10:00:00-04:00,0.12500000000001044
2021-10-18 10:00:00-04:00,0.547368421052619
2021-10-19 10:00:00-04:00,0.8905109489051265
2021-10-20 10:00:00-04:00,0.34642857142857275
2021-10-21 10:00:00-04:00,0.3119266055045551
2021-10-22 10:00:00-04:00,0.25757575757573997
2021-10-25 10:00:00-04:00,0.5076142131979918
2021-10-26 10:00:00-04:00,0.5458015267175372
2021-10-27 10:00:00-04:00,0.817610062893066
2021-10-28 10:00:00-04:00,0.3612565445026226
2021-10-29 10:00:00-04:00,0.18181818181817713
2021-11-01 10:00:00-04:00,0.5966386554622166
2021-11-02 10:00:00-04:00,0.4199999999999591
2021-11-03 10:00:00-04:00,0.07142857142857142
2021-11-04 10:00:00-04:00,0.1923076923076699
2021-11-05 10:00:00-04:00,0.1666666666666554
2021-11-08 10:00:00-05:00,0.36444444444441615
2021-11-09 10:00:00-05:00,0.1584699453551989
2021-11-10 10:00:00-05:00,0.4722222222221696
2021-11-11 10:00:00-05:00,0.4304932735425627
2021-11-12 10:00:00-05:00,0.8729508196721097
2021-11-15 10:00:00-05:00,0.7155963302752729
2021-11-16 10:00:00-05:00,0.12621359223300863
2021-11-17 10:00:00-05:00,0.7196969696969648
2021-11-18 10:00:00-05:00,0.4319148936170113
2021-11-19 10:00:00-05:00,0.5928571428571411
2021-11-22 10:00:00-05:00,0.10112359550564884
2021-11-23 10:00:00-05:00,0.9485094850948516
2021-11-24 10:00:00-05:00,0.5749999999999886
2021-11-26 10:00:00-05:00,0.5102040816326554
2021-11-29 10:00:00-05:00,0.4519230769230793
2021-11-30 10:00:00-05:00,0.727272727272729
2021-12-01 10:00:00-05:00,0.8534482758620549
2021-12-02 10:00:00-05:00,0.22045454545454995
2021-12-03 10:00:00-05:00,0.765486725663728
2021-12-06 10:00:00-05:00,0.5847457627118685
2021-12-07 10:00:00-05:00,0.6777777777777785
2021-12-08 10:00:00-05:00,0.5769230769230853
2021-12-09 10:00:00-05:00,0.02890173410405251
2021-12-10 10:00:00-05:00,0.1697247706422034
2021-12-13 10:00:00-05:00,0.429245283018852
2021-12-14 10:00:00-05:00,0.7805555555555512
2021-12-15 10:00:00-05:00,0.23204419889503614
2021-12-16 10:00:00-05:00,0.2931726907630651
2021-12-17 10:00:00-05:00,0.47752332485157023
2021-12-20 10:00:00-05:00,0.7737226277372253
2021-12-21 10:00:00-05:00,0.03252032520326894
2021-12-22 10:00:00-05:00,0.8338557993730492
2021-12-23 10:00:00-05:00,0.8288288288287817
2021-12-27 10:00:00-05:00,0.9421052631578886
2021-12-28 10:00:00-05:00,0.3780487804878108
2021-12-29 10:00:00-05:00,0.19553072625696194
2021-12-30 10:00:00-05:00,0.04830917874391625
2021-12-31 10:00:00-05:00,0.07194244604318253
2022-01-03 10:00:00-05:00,0.6119402985074746
2022-01-04 10:00:00-05:00,0.9237668161434912
2022-01-05 10:00:00-05:00,0.05691056910568467
2022-01-06 10:00:00-05:00,0.3948598130841089
2022-01-07 10:00:00-05:00,0.8146341463414641
2022-01-10 10:00:00-05:00,0.5234899328859136
2022-01-11 10:00:00-05:00,0.2099236641221414
2022-01-12 10:00:00-05:00,0.6136363636363624
2022-01-13 10:00:00-05:00,0.7185628742515126
2022-01-14 10:00:00-05:00,0.5803278688524509
2022-01-18 10:00:00-05:00,0.26521739130435246
2022-01-19 10:00:00-05:00,0.7881773399014886
2022-01-20 10:00:00-05:00,0.47183098591547884
2022-01-21 10:00:00-05:00,0.38235294117646723
2022-01-24 10:00:00-05:00,0.05780346820808375
2022-01-25 10:00:00-05:00,0.2942898975109779
2022-01-26 10:00:00-05:00,0.5161870503597128
2022-01-27 10:00:00-05:00,0.1891418563922921
2022-01-28 10:00:00-05:00,0.8672566371681323
2022-01-31 10:00:00-05:00,0.7370517928286803
2022-02-01 10:00:00-05:00,0.08387096774193194
2022-02-02 10:00:00-05:00,0.20522388059699742
2022-02-03 10:00:00-05:00,0.5909090909090873
2022-02-04 10:00:00-05:00,0.5577777777777757
2022-02-07 10:00:00-05:00,0.06329113924049662
2022-02-08 10:00:00-05:00,0.48376623376622074
2022-02-09 10:00:00-05:00,0.8711656441717565
2022-02-10 10:00:00-05:00,0.1268656716417814
2022-02-11 10:00:00-05:00,0.06324110671937673
2022-02-14 10:00:00-05:00,0.7442622950819585
2022-02-15 10:00:00-05:00,0.6074380165289094
2022-02-16 10:00:00-05:00,0.16479400749065967
2022-02-17 10:00:00-05:00,0.07567567567569809
2022-02-18 10:00:00-05:00,0.8546511627906975
2022-02-22 10:00:00-05:00,0.6266318537858975
2022-02-23 10:00:00-05:00,0.868194842406883
2022-02-24 10:00:00-05:00,0.2691924227317985
2022-02-25 10:00:00-05:00,0.7852459016393447
2022-02-28 10:00:00-05:00,0.377272727272722
2022-03-01 10:00:00-05:00,0.562659846547308
2022-03-02 10:00:00-05:00,0.21219512195121945
2022-03-03 10:00:00-05:00,0.877289377289374
2022-03-04 10:00:00-05:00,0.800492610837438
2022-03-07 10:00:00-05:00,0.6164383561643874
2022-03-08 10:00:00-05:00,0.15311004784688645
2022-03-09 10:00:00-05:00,0.8087248322147494
2022-03-10 10:00:00-05:00,0.7150395778364174
2022-03-11 10:00:00-05:00,0.06382978723403226
2022-03-14 10:00:00-04:00,0.7793733681462209
2022-03-15 10:00:00-04:00,0.3761840324763164
2022-03-16 10:00:00-04:00,0.3641160949868042
2022-03-17 10:00:00-04:00,0.46979865771813833
2022-03-18 10:00:00-04:00,0.1747967479674839
2022-03-21 10:00:00-04:00,0.3966244725738379
2022-03-22 10:00:00-04:00,0.7314814814814848
2022-03-23 10:00:00-04:00,0.5065502183406178
2022-03-24 10:00:00-04:00,0.4597701149425329
2022-03-25 10:00:00-04:00,0.5652173913043439
2022-03-28 10:00:00-04:00,0.16875000000002177
2022-03-29 10:00:00-04:00,0.04356435643564936
2022-03-30 10:00:00-04:00,0.7482517482517796
2022-03-31 10:00:00-04:00,0.2579185520361984
2022-04-01 10:00:00-04:00,0.12999999999999545
2022-04-04 10:00:00-04:00,0.03401360544218529
2022-04-05 10:00:00-04:00,0.4516129032258219
2022-04-06 10:00:00-04:00,0.4477611940298147
2022-04-07 10:00:00-04:00,0.5391566265060143
2022-04-08 10:00:00-04:00,0.9537275064267479
2022-04-11 10:00:00-04:00,0.6799999999999955
2022-04-12 10:00:00-04:00,0.7922077922077956
2022-04-13 10:00:00-04:00,0.45833333333332066
2022-04-14 10:00:00-04:00,0.2991803278688369
2022-04-18 10:00:00-04:00,0.33264462809917417
2022-04-19 10:00:00-04:00,0.6591760299625748
2022-04-20 10:00:00-04:00,0.6713286713286737
2022-04-21 10:00:00-04:00,0.8319999999999936
2022-04-22 10:00:00-04:00,0.5223097112860913
2022-04-25 10:00:00-04:00,0.09339407744874019
2022-04-26 10:00:00-04:00,0.6698795180723
2022-04-27 10:00:00-04:00,0.4080118694362012
2022-04-28 10:00:00-04:00,0.37459283387621495
2022-04-29 10:00:00-04:00,0.8378378378378322
2022-05-02 10:00:00-04:00,0.02513464991024118
2022-05-03 10:00:00-04:00,0.061855670103095804
2022-05-04 10:00:00-04:00,0.5078534031413391
2022-05-05 10:00:00-04:00,0.7535101404056264
2022-05-06 10:00:00-04:00,0.8238341968911905
2022-05-09 10:00:00-04:00,0.9155844155844186
2022-05-10 10:00:00-04:00,0.7734724292101296
2022-05-11 10:00:00-04:00,0.18058690744921455
2022-05-12 10:00:00-04:00,0.7892441860465131
2022-05-13 10:00:00-04:00,0.7433333333333204
2022-05-16 10:00:00-04:00,0.026570048309181762
2022-05-17 10:00:00-04:00,0.3988764044943862
2022-05-18 10:00:00-04:00,0.17431192660550196
2022-05-19 10:00:00-04:00,0.17241379310344537
2022-05-20 10:00:00-04:00,0.8913793103448373
2022-05-23 10:00:00-04:00,0.36304347826085887
2022-05-24 10:00:00-04:00,0.6810126582278397
2022-05-25 10:00:00-04:00,0.4872448979591881
2022-05-26 10:00:00-04:00,0.8470588235293878
2022-05-27 10:00:00-04:00,0.04307692307691888
2022-05-31 10:00:00-04:00,0.4985590778097832
2022-06-01 10:00:00-04:00,0.6847290640394079
2022-06-02 10:00:00-04:00,0.4431818181818211
2022-06-03 10:00:00-04:00,0.5391566265060143
2022-06-06 10:00:00-04:00,0.5870967741935451
2022-06-07 10:00:00-04:00,0.7109207708779491
2022-06-08 10:00:00-04:00,0.5779816513761408
2022-06-09 10:00:00-04:00,0.7459283387622048
2022-06-10 10:00:00-04:00,0.8006230529595045
2022-06-13 10:00:00-04:00,0.6998087954110999
2022-06-14 10:00:00-04:00,0.4513457556935847
2022-06-15 10:00:00-04:00,0.4401294498381957
2022-06-16 10:00:00-04:00,0.8136094674556223
2022-06-17 10:00:00-04:00,0.7667185069984518
2022-06-21 10:00:00-04:00,0.6594594594594662
2022-06-22 10:00:00-04:00,0.6312741312741379
2022-06-23 10:00:00-04:00,0.2996389891696713
2022-06-24 10:00:00-04:00,0.7982195845697312
2022-06-27 10:00:00-04:00,0.7770034843205625
2022-06-28 10:00:00-04:00,0.6819172113289703
2022-06-29 10:00:00-04:00,0.08076923076924582
2022-06-30 10:00:00-04:00,0.724550898203603
2022-07-01 10:00:00-04:00,0.5257234726688098
2022-07-05 10:00:00-04:00,0.08928571428571881
2022-07-06 10:00:00-04:00,0.17543859649122667
2022-07-07 10:00:00-04:00,0.005649717514119214
2022-07-08 10:00:00-04:00,0.7710843373493991
2022-07-11 10:00:00-04:00,0.2780748663101585
2022-07-12 10:00:00-04:00,0.18023255813953334
2022-07-13 10:00:00-04:00,0.3949416342412409
2022-07-14 10:00:00-04:00,0.005050505050500555
2022-07-15 10:00:00-04:00,0.768965517241372
2022-07-18 10:00:00-04:00,0.23129251700679035
2022-07-19 10:00:00-04:00,0.7032967032967045
2022-07-20 10:00:00-04:00,0.9083503054989729
2022-07-21 10:00:00-04:00,0.13349514563105677
2022-07-22 10:00:00-04:00,0.367647058823536
2022-07-25 10:00:00-04:00,0.13679245283017122
2022-07-26 10:00:00-04:00,0.22360248447205627
2022-07-27 10:00:00-04:00,0.6779661016949536
2022-07-28 10:00:00-04:00,0.6289855072463731
2022-07-29 10:00:00-04:00,0.0873362445415038
2022-08-01 10:00:00-04:00,0.5669642857143018
2022-08-02 10:00:00-04:00,0.4188596491228123
2022-08-03 10:00:00-04:00,0.039823008849546614
2022-08-04 10:00:00-04:00,0.17870722433458983
2022-08-05 10:00:00-04:00,0.420600858369085
2022-08-08 10:00:00-04:00,0.4892086330935349
2022-08-09 10:00:00-04:00,0.15492957746481242
2022-08-10 10:00:00-04:00,0.25592417061610173
2022-08-11 10:00:00-04:00,0.1627906976744386
2022-08-12 10:00:00-04:00,0.064516129032262
2022-08-15 10:00:00-04:00,0.8345323741007047
2022-08-16 10:00:00-04:00,0.5590062111801054
2022-08-17 10:00:00-04:00,0.6720930232558443
2022-08-18 10:00:00-04:00,0.3750000000000039
2022-08-19 10:00:00-04:00,0.609090909090911
2022-08-22 10:00:00-04:00,0.8518518518518529
2022-08-23 10:00:00-04:00,0.37499999999999734
2022-08-24 10:00:00-04:00,0.4800000000000182
2022-08-25 10:00:00-04:00,0.38285714285711947
2022-08-26 10:00:00-04:00,0.8067754077791758
2022-08-29 10:00:00-04:00,0.4337349397590364
2022-08-30 10:00:00-04:00,0.5813953488372111
2022-08-31 10:00:00-04:00,0.6255707762557104
2022-09-01 10:00:00-04:00,0.7777777777777978
2022-09-02 10:00:00-04:00,0.5143487858719703
2022-09-06 10:00:00-04:00,0.2763157894736897
2022-09-07 10:00:00-04:00,0.4202334630350365
2022-09-08 10:00:00-04:00,0.6052009456264755
2022-09-09 10:00:00-04:00,0.8164251207729485
2022-09-12 10:00:00-04:00,0.34965034965034797
2022-09-13 10:00:00-04:00,0.8272425249169145
2022-09-14 10:00:00-04:00,0.09183673469388066
2022-09-15 10:00:00-04:00,0.7979166666666709
2022-09-16 10:00:00-04:00,0.28869047619048316
2022-09-19 10:00:00-04:00,0.4217252396166042
2022-09-20 10:00:00-04:00,0.40594059405940625
2022-09-21 10:00:00-04:00,0.14285714285714768
2022-09-22 10:00:00-04:00,0.3256704980842982
2022-09-23 10:00:00-04:00,0.23972602739727922
2022-09-26 10:00:00-04:00,0.00709219858155385
2022-09-27 10:00:00-04:00,0.06331168831168642
2022-09-28 10:00:00-04:00,0.5034642032332467
2022-09-29 10:00:00-04:00,0.22794117647058762
2022-09-30 10:00:00-04:00,0.33663366336632733
2022-10-03 10:00:00-04:00,0.8551724137931034
2022-10-04 10:00:00-04:00,0.7533333333333682
2022-10-05 10:00:00-04:00,0.8676470588235319
2022-10-06 10:00:00-04:00,0.058631921824106585
2022-10-07 10:00:00-04:00,0.3881856540084208
2022-10-10 10:00:00-04:00,0.43413173652696296
2022-10-11 10:00:00-04:00,0.32862190812721276
2022-10-12 10:00:00-04:00,0.39591836734692853
2022-10-13 10:00:00-04:00,0.48795180722889253
2022-10-14 10:00:00-04:00,0.7229299363057323
2022-10-17 10:00:00-04:00,0.1335504885993545
2022-10-18 10:00:00-04:00,0.4585798816567919
2022-10-19 10:00:00-04:00,0.3125864453665263
2022-10-20 10:00:00-04:00,0.7786885245901493
2022-10-21 10:00:00-04:00,0.5450346420323305
2022-10-24 10:00:00-04:00,0.23478260869565046
2022-10-25 10:00:00-04:00,0.10059171597630728
2022-10-26 10:00:00-04:00,0.7872340425531977
2022-10-27 10:00:00-04:00,0.24578313253011744
2022-10-28 10:00:00-04:00,0.6378600823045254
2022-10-31 10:00:00-04:00,0.4024390243902625
2022-11-01 10:00:00-04:00,0.846473029045641
2022-11-02 10:00:00-04:00,0.3137254901960773
2022-11-03 10:00:00-04:00,0.8974895397489634
2022-11-04 10:00:00-04:00,0.3947051744885619
2022-11-07 10:00:00-05:00,0.6371308016877587
2022-11-08 10:00:00-05:00,0.8948247078464115
2022-11-09 10:00:00-05:00,0.13535911602208608
2022-11-10 10:00:00-05:00,0.2282608695652165
2022-11-11 10:00:00-05:00,0.3023255813953526
2022-11-14 10:00:00-05:00,0.71739130434781
2022-11-15 10:00:00-05:00,0.5965665236051583
2022-11-16 10:00:00-05:00,0.41206030150753237
2022-11-17 10:00:00-05:00,0.12745098039215114
2022-11-18 10:00:00-05:00,0.7093023255813999
2022-11-21 10:00:00-05:00,0.5851528384279708
2022-11-22 10:00:00-05:00,0.8526570048309141
2022-11-23 10:00:00-05:00,0.29611650485434765
2022-11-25 10:00:00-05:00,0.34000000000003183
2022-11-28 10:00:00-05:00,0.741758241758257
2022-11-29 10:00:00-05:00,0.34042553191488717
2022-11-30 10:00:00-05:00,0.6623376623377031
2022-12-01 10:00:00-05:00,0.2952380952380974
2022-12-02 10:00:00-05:00,0.4
2022-12-05 10:00:00-05:00,0.03398058252429609
2022-12-06 10:00:00-05:00,0.6516853932584264
2022-12-07 10:00:00-05:00,0.6618705035971321
2022-12-08 10:00:00-05:00,0.3461538461538344
2022-12-09 10:00:00-05:00,0.5637860082304662
2022-12-12 10:00:00-05:00,0.12499999999999317
2022-12-13 10:00:00-05:00,0.8404074702886167
2022-12-14 10:00:00-05:00,0.3557692307692476
2022-12-15 10:00:00-05:00,0.5235294117647348
2022-12-16 10:00:00-05:00,0.6981366459627374
2022-12-19 10:00:00-05:00,0.35499999999998977
2022-12-20 10:00:00-05:00,0.5714285714285866
2022-12-21 10:00:00-05:00,0.9059139784946321
2022-12-22 10:00:00-05:00,0.9318181818181789
2022-12-23 10:00:00-05:00,0.5243488108720242
2022-12-27 10:00:00-05:00,0.4022988505747269
2022-12-28 10:00:00-05:00,0.724233983286908
2022-12-29 10:00:00-05:00,0.7958115183246111
2022-12-30 10:00:00-05:00,0.00515463917525305
2023-01-03 10:00:00-05:00,0.10800000000001546
2023-01-04 10:00:00-05:00,0.051522248243566326
2023-01-05 10:00:00-05:00,0.2879377431906594
2023-01-06 10:00:00-05:00,0.9386056191467189
2023-01-09 10:00:00-05:00,0.4815724815724846
2023-01-10 10:00:00-05:00,0.0188172043010733
2023-01-11 10:00:00-05:00,0.42352941176472475
2023-01-12 10:00:00-05:00,0.5209580838323331
2023-01-13 10:00:00-05:00,0.6833333333333341
2023-01-17 10:00:00-05:00,0.13924050632910695
2023-01-18 10:00:00-05:00,0.641873278236911
2023-01-19 10:00:00-05:00,0.5818965517241249
2023-01-20 10:00:00-05:00,0.48936170212763896
2023-01-23 10:00:00-05:00,0.7556390977443666
2023-01-24 10:00:00-05:00,0.6818181818181928
2023-01-25 10:00:00-05:00,0.2324561403508622
2023-01-26 10:00:00-05:00,0.37888198757762737
2023-01-27 10:00:00-05:00,0.3114754098360793
2023-01-30 10:00:00-05:00,0.4106583072100324
2023-01-31 10:00:00-05:00,0.649805447470825
2023-02-01 10:00:00-05:00,0.8870292887029358
2023-02-02 10:00:00-05:00,0.7144535840187937
2023-02-03 10:00:00-05:00,0.5058823529411711
2023-02-06 10:00:00-05:00,0.007751937984489122
2023-02-07 10:00:00-05:00,0.2180094786730016
2023-02-08 10:00:00-05:00,0.6454183266932313
2023-02-09 10:00:00-05:00,0.17187500000002498
2023-02-10 10:00:00-05:00,0.058441558441541426
2023-02-13 10:00:00-05:00,0.5781250000000023
2023-02-14 10:00:00-05:00,0.4842657342657387
2023-02-15 10:00:00-05:00,0.17123287671232895
2023-02-16 10:00:00-05:00,0.7706422018348477
2023-02-17 10:00:00-05:00,0.08661417322833412
2023-02-21 10:00:00-05:00,0.7195121951219614
2023-02-22 10:00:00-05:00,0.27853881278539466
2023-02-23 10:00:00-05:00,0.8102409638554227
2023-02-24 10:00:00-05:00,0.22222222222221502
2023-02-27 10:00:00-05:00,0.39852398523984117
2023-02-28 10:00:00-05:00,0.023880597014938238
2023-03-01 10:00:00-05:00,0.10629921259844194
2023-03-02 10:00:00-05:00,0.6303030303030169
2023-03-03 10:00:00-05:00,0.07287449392712746
2023-03-06 10:00:00-05:00,0.41805225653206074
2023-03-07 10:00:00-05:00,0.9848484848484842
2023-03-08 10:00:00-05:00,0.13986013986013124
2023-03-09 10:00:00-05:00,0.43665768194071114
2023-03-10 10:00:00-05:00,0.7013422818791819
2023-03-13 10:00:00-04:00,0.5142857142857011
2023-03-14 10:00:00-04:00,0.35343035343035856
2023-03-15 10:00:00-04:00,0.17948717948717996
2023-03-16 10:00:00-04:00,0.5494505494505458
2023-03-17 10:00:00-04:00,0.5212121212121192
2023-03-20 10:00:00-04:00,0.6008771929824503
2023-03-21 10:00:00-04:00,0.66400000000001
2023-03-22 10:00:00-04:00,0.4267515923566999
2023-03-23 10:00:00-04:00,0.9077490774907762
2023-03-24 10:00:00-04:00,0.05524861878452252
2023-03-27 10:00:00-04:00,0.823232323232337
2023-03-28 10:00:00-04:00,0.3652849740932547
2023-03-29 10:00:00-04:00,0.6477987421383936
2023-03-30 10:00:00-04:00,0.31578947368418886
2023-03-31 10:00:00-04:00,0.730158730158733
2023-04-03 10:00:00-04:00,0.46777546777546203
2023-04-04 10:00:00-04:00,0.5527426160337312
2023-04-05 10:00:00-04:00,0.8319672131147436
2023-04-06 10:00:00-04:00,0.24793388429753424
2023-04-10 10:00:00-04:00,0.36861313868612683
2023-04-11 10:00:00-04:00,0.1454545454545727
2023-04-12 10:00:00-04:00,0.5636363636363678
2023-04-13 10:00:00-04:00,0.5684754521963641
2023-04-14 10:00:00-04:00,0.7907692307692287
2023-04-17 10:00:00-04:00,0.28340080971661447
2023-04-18 10:00:00-04:00,0.7740112994350388
2023-04-19 10:00:00-04:00,0.7575757575757615
2023-04-20 10:00:00-04:00,0.6976744186046231
2023-04-21 10:00:00-04:00,0.06681514476613673
2023-04-24 10:00:00-04:00,0.6528189910979018
2023-04-25 10:00:00-04:00,0.27108433734938664
2023-04-26 10:00:00-04:00,0.33591731266148656
2023-04-27 10:00:00-04:00,0.11864406779659792
2023-04-28 10:00:00-04:00,0.2967479674796778
2023-05-01 10:00:00-04:00,0.45312499999997713
2023-05-02 10:00:00-04:00,0.9376218323586757
2023-05-03 10:00:00-04:00,0.681818181818187
2023-05-04 10:00:00-04:00,0.3412322274881624
2023-05-05 10:00:00-04:00,0.594936708860764
2023-05-08 10:00:00-04:00,0.1797752808988434
2023-05-09 10:00:00-04:00,0.26903553299492183
2023-05-10 10:00:00-04:00,0.4477401129943419
2023-05-11 10:00:00-04:00,0.7013888888888837
2023-05-12 10:00:00-04:00,0.7076023391813163
2023-05-15 10:00:00-04:00,0.3275862068965461
2023-05-16 10:00:00-04:00,0.09999999999998782
2023-05-17 10:00:00-04:00,0.8565891472868222
2023-05-18 10:00:00-04:00,0.8139534883720848
2023-05-19 10:00:00-04:00,0.2738095238095351
2023-05-22 10:00:00-04:00,0.1083743842364401
2023-05-23 10:00:00-04:00,0.23043478260868835
2023-05-24 10:00:00-04:00,0.6111111111110906
2023-05-25 10:00:00-04:00,0.3870967741935602
2023-05-26 10:00:00-04:00,0.7986348122866984
2023-05-30 10:00:00-04:00,0.37640449438202517
2023-05-31 10:00:00-04:00,0.659898477157357
2023-06-01 10:00:00-04:00,0.84920634920635
2023-06-02 10:00:00-04:00,0.8448275862068827
2023-06-05 10:00:00-04:00,0.15934065934063996
2023-06-06 10:00:00-04:00,0.7525773195876192
2023-06-07 10:00:00-04:00,0.6864406779660996
2023-06-08 10:00:00-04:00,0.8372093023256275
2023-06-09 10:00:00-04:00,0.09731543624163609
2023-06-12 10:00:00-04:00,0.5609756097561466
2023-06-13 10:00:00-04:00,0.15340909090908136
2023-06-14 10:00:00-04:00,0.3775510204081828
2023-06-15 10:00:00-04:00,0.475524475524478
2023-06-16 10:00:00-04:00,0.15333333333330756
2023-06-20 10:00:00-04:00,0.653191489361698
2023-06-21 10:00:00-04:00,0.020338983050828645
2023-06-22 10:00:00-04:00,0.13197969543146945
2023-06-23 10:00:00-04:00,0.1725663716814106
2023-06-26 10:00:00-04:00,0.34080717488788553
2023-06-27 10:00:00-04:00,0.4090909090909007
2023-06-28 10:00:00-04:00,0.3251231527093672
2023-06-29 10:00:00-04:00,0.21453287197232093
2023-06-30 10:00:00-04:00,0.2500000000000323
2023-07-03 10:00:00-04:00,0.43511450381681244
2023-07-05 10:00:00-04:00,0.600000000000038
2023-07-06 10:00:00-04:00,0.9357142857143025
2023-07-07 10:00:00-04:00,0.2042253521126882
2023-07-10 10:00:00-04:00,0.2891156462584783
2023-07-11 10:00:00-04:00,0.17910447761195042
2023-07-12 10:00:00-04:00,0.05263157894737787
2023-07-13 10:00:00-04:00,0.07812500000001943
2023-07-14 10:00:00-04:00,0.47282608695648515
2023-07-17 10:00:00-04:00,0.5925925925926199
2023-07-18 10:00:00-04:00,0.7604166666667018
2023-07-19 10:00:00-04:00,0.425287356321856
2023-07-20 10:00:00-04:00,0.5469483568074959
2023-07-21 10:00:00-04:00,0.19117647058822668
2023-07-24 10:00:00-04:00,0.7342657342657387
2023-07-25 10:00:00-04:00,0.34375000000004996
2023-07-26 10:00:00-04:00,0.715053763440877
2023-07-27 10:00:00-04:00,0.845070422535195
2023-07-28 10:00:00-04:00,0.6918918918918686
2023-07-31 10:00:00-04:00,0.44827586206896214
2023-08-01 10:00:00-04:00,0.2740524781341307
2023-08-02 10:00:00-04:00,0.8973384030418319
2023-08-03 10:00:00-04:00,0.031088082901555472
2023-08-04 10:00:00-04:00,0.3849056603773681
2023-08-07 10:00:00-04:00,0.3105263157894642
2023-08-08 10:00:00-04:00,0.7191780821917987
2023-08-09 10:00:00-04:00,0.6168831168831382
2023-08-10 10:00:00-04:00,0.5723905723905742
2023-08-11 10:00:00-04:00,0.424603174603175
2023-08-14 10:00:00-04:00,0.7727272727272678
2023-08-15 10:00:00-04:00,0.7194444444444714
2023-08-16 10:00:00-04:00,0.3605150214592524
2023-08-17 10:00:00-04:00,0.34200743494421576
2023-08-18 10:00:00-04:00,0.5092024539877217
2023-08-21 10:00:00-04:00,0.800813008130099
2023-08-22 10:00:00-04:00,0.06818181818181891
2023-08-23 10:00:00-04:00,0.8707865168539245
2023-08-24 10:00:00-04:00,0.931159420289836
2023-08-25 10:00:00-04:00,0.6287128712871288
2023-08-28 10:00:00-04:00,0.2849462365591536
2023-08-29 10:00:00-04:00,0.662162162162179
2023-08-30 10:00:00-04:00,0.22535211267606903
2023-08-31 10:00:00-04:00,0.08910891089112143
2023-09-01 10:00:00-04:00,0.5654008438818688
2023-09-05 10:00:00-04:00,0.41200000000003456
2023-09-06 10:00:00-04:00,0.9655172413793172
2023-09-07 10:00:00-04:00,0.30890052356019226
2023-09-08 10:00:00-04:00,0.04044117647055105
2023-09-11 10:00:00-04:00,0.06956521739133788
2023-09-12 10:00:00-04:00,0.9793103448276048
2023-09-13 10:00:00-04:00,0.051162790697679955
2023-09-14 10:00:00-04:00,0.28723404255320306
2023-09-15 10:00:00-04:00,0.7708333333333264
2023-09-18 10:00:00-04:00,0.5752212389380856
2023-09-19 10:00:00-04:00,0.9415204678362452
2023-09-20 10:00:00-04:00,0.475728155339801
2023-09-21 10:00:00-04:00,0.01923076923075171
2023-09-22 10:00:00-04:00,0.6502732240437202
2023-09-25 10:00:00-04:00,0.906040268456382
2023-09-26 10:00:00-04:00,0.3505154639175297
2023-09-27 10:00:00-04:00,0.830952380952347
2023-09-28 10:00:00-04:00,0.2863534675615134
2023-09-29 10:00:00-04:00,0.5029239766082011
2023-10-02 10:00:00-04:00,0.15525114155250017
2023-10-03 10:00:00-04:00,0.9404517453798836
2023-10-04 10:00:00-04:00,0.6212765957446661
2023-10-05 10:00:00-04:00,0.8720000000000028
2023-10-06 10:00:00-04:00,0.502688172043016
2023-10-09 10:00:00-04:00,0.7014218009478445
2023-10-10 10:00:00-04:00,0.8058252427184579
2023-10-11 10:00:00-04:00,0.027027027027002114
2023-10-12 10:00:00-04:00,0.4069767441860469
2023-10-13 10:00:00-04:00,0.9367469879517972
2023-10-16 10:00:00-04:00,0.8264462809917418
2023-10-17 10:00:00-04:00,0.7845659163987097
2023-10-18 10:00:00-04:00,0.4915824915824802
2023-10-19 10:00:00-04:00,0.7242798353909408
2023-10-20 10:00:00-04:00,0.8612903225806257
2023-10-23 10:00:00-04:00,0.4871794871794806
2023-10-24 10:00:00-04:00,0.15929203539823678
2023-10-25 10:00:00-04:00,0.009523809523827828
2023-10-26 10:00:00-04:00,0.37401574803148857
2023-10-27 10:00:00-04:00,0.09734513274335015
2023-10-30 10:00:00-04:00,0.6654804270462779
2023-10-31 10:00:00-04:00,0.6680851063829694
2023-11-01 10:00:00-04:00,0.6532846715328449
2023-11-02 10:00:00-04:00,0.7019607843137304
2023-11-03 10:00:00-04:00,0.21681415929203485
2023-11-06 10:00:00-05:00,0.02654867256634764
2023-11-07 10:00:00-05:00,0.7921760391198005
2023-11-08 10:00:00-05:00,0.8702290076336192
2023-11-09 10:00:00-05:00,0.4358353510895778
2023-11-10 10:00:00-05:00,0.30935251798561947
2023-11-13 10:00:00-05:00,0.614285714285734
2023-11-14 10:00:00-05:00,0.5885714285714455
2023-11-15 10:00:00-05:00,0.7289719626167886
2023-11-16 10:00:00-05:00,0.7576601671309201
2023-11-17 10:00:00-05:00,0.06321839080460522
2023-11-20 10:00:00-05:00,0.37554585152837755
2023-11-21 10:00:00-05:00,0.11570247933882823
2023-11-22 10:00:00-05:00,0.23780487804880882
2023-11-24 10:00:00-05:00,0.17105263157894343
2023-11-27 10:00:00-05:00,0.27835051546394957
2023-11-28 10:00:00-05:00,0.8547486033519892
2023-11-29 10:00:00-05:00,0.7089201877934245
2023-11-30 10:00:00-05:00,0.17088607594935729
2023-12-01 10:00:00-05:00,0.10614525139664556
2023-12-04 10:00:00-05:00,0.724489795918383
2023-12-05 10:00:00-05:00,0.9458128078817675
2023-12-06 10:00:00-05:00,0.4938650306748522
2023-12-07 10:00:00-05:00,0.8103448275862171
2023-12-08 10:00:00-05:00,0.8165137614678748
2023-12-11 10:00:00-05:00,0.3057851239669367
2023-12-12 10:00:00-05:00,0.8529411764705981
2023-12-13 10:00:00-05:00,0.6308411214952886
2023-12-14 10:00:00-05:00,0.37333333333333485
2023-12-15 10:00:00-05:00,0.8169014084506726
2023-12-18 10:00:00-05:00,0.15000000000000355
2023-12-19 10:00:00-05:00,0.5533980582524353
2023-12-20 10:00:00-05:00,0.7135922330097408
2023-12-21 10:00:00-05:00,0.12765957446809026
2023-12-22 10:00:00-05:00,0.6580086580086333
2023-12-26 10:00:00-05:00,0.3333333333332759
2023-12-27 10:00:00-05:00,0.5714285714285328
2023-12-28 10:00:00-05:00,0.14492753623191748
2023-12-29 10:00:00-05:00,0.6700507614213264
2024-01-02 10:00:00-05:00,0.4148936170212715
2024-01-03 10:00:00-05:00,0.25000000000000633
2024-01-04 10:00:00-05:00,0.6290322580645262
2024-01-05 10:00:00-05:00,0.8766519823788437
2024-01-08 10:00:00-05:00,0.456521739130433
2024-01-09 10:00:00-05:00,0.05072463768115464
2024-01-10 10:00:00-05:00,0.3709090909090843
2024-01-11 10:00:00-05:00,0.835125448028662
2024-01-12 10:00:00-05:00,0.6017699115044333
2024-01-16 10:00:00-05:00,0.6967213114754058
2024-01-17 10:00:00-05:00,0.5343511450381583
2024-01-18 10:00:00-05:00,0.2804054054054158
2024-01-19 10:00:00-05:00,0.2499999999999909
2024-01-22 10:00:00-05:00,0.7882037533512107
2024-01-23 10:00:00-05:00,0.5897435897435798
2024-01-24 10:00:00-05:00,0.39545454545454956
2024-01-25 10:00:00-05:00,0.1118881118880891
2024-01-26 10:00:00-05:00,0.6666666666666572
2024-01-29 10:00:00-05:00,0.6543778801843253
2024-01-30 10:00:00-05:00,0.6470588235294118
2024-01-31 10:00:00-05:00,0.7112676056337884
2024-02-01 10:00:00-05:00,0.4413145539906102
2024-02-02 10:00:00-05:00,0.6846473029045639
2024-02-05 10:00:00-05:00,0.8062499999999979
2024-02-06 10:00:00-05:00,0.17699115044246852
2024-02-07 10:00:00-05:00,0.5476190476190498
2024-02-08 10:00:00-05:00,0.20338983050847131
2024-02-09 10:00:00-05:00,0.5112359550561697
2024-02-12 10:00:00-05:00,0.5810810810810576
2024-02-13 10:00:00-05:00,0.34523809523811166
2024-02-14 10:00:00-05:00,0.45098039215686603
2024-02-15 10:00:00-05:00,0.14173228346457434
2024-02-16 10:00:00-05:00,0.5228215767634763
2024-02-20 10:00:00-05:00,0.2656249999999861
2024-02-21 10:00:00-05:00,0.01980198019800197
2024-02-22 10:00:00-05:00,0.2118644067796598
2024-02-23 10:00:00-05:00,0.6920529801324651
2024-02-26 10:00:00-05:00,0.6697247706422339
2024-02-27 10:00:00-05:00,0.0
2024-02-28 10:00:00-05:00,0.9023437500000423
2024-02-29 10:00:00-05:00,0.54780361757106
2024-03-01 10:00:00-05:00,0.7291666666666985
2024-03-04 10:00:00-05:00,0.19753086419750487
2024-03-05 10:00:00-05:00,0.49216300940438695
2024-03-06 10:00:00-05:00,0.2603686635944739
2024-03-07 10:00:00-05:00,0.5026737967914718
2024-03-08 10:00:00-05:00,0.16929133858270465
2024-03-11 10:00:00-04:00,0.5191873589164608
2024-03-12 10:00:00-04:00,0.7163323782234938
2024-03-13 10:00:00-04:00,0.11711711711711158
2024-03-14 10:00:00-04:00,0.2831858407079597
2024-03-15 10:00:00-04:00,0.44680851063829574
2024-03-18 10:00:00-04:00,0.7797619047618427
2024-03-19 10:00:00-04:00,0.39130434782610307
2024-03-20 10:00:00-04:00,0.4128440366972774
2024-03-21 10:00:00-04:00,0.20858895705529004
2024-03-22 10:00:00-04:00,0.5703125000000264
2024-03-25 10:00:00-04:00,0.4216867469879584
2024-03-26 10:00:00-04:00,0.04395604395600002
2024-03-27 10:00:00-04:00,0.8030303030302313
2024-03-28 10:00:00-04:00,0.22784810126573718
2024-04-01 10:00:00-04:00,0.8373205741627122
2024-04-02 10:00:00-04:00,0.4183006535947698
2024-04-03 10:00:00-04:00,0.9338842975206293
2024-04-04 10:00:00-04:00,0.19642857142861492
2024-04-05 10:00:00-04:00,0.6687499999999862
2024-04-08 10:00:00-04:00,0.5808080808080973
2024-04-09 10:00:00-04:00,0.686991869918704
2024-04-10 10:00:00-04:00,0.17153284671533786
2024-04-11 10:00:00-04:00,0.538461538461525
2024-04-12 10:00:00-04:00,0.8944281524926339
2024-04-15 10:00:00-04:00,0.9669211195928621
2024-04-16 10:00:00-04:00,0.45614035087718247
2024-04-17 10:00:00-04:00,0.7626582278481031
2024-04-18 10:00:00-04:00,0.6368876080691638
2024-04-19 10:00:00-04:00,0.4218749999999934
2024-04-22 10:00:00-04:00,0.6106194690265337
2024-04-23 10:00:00-04:00,0.8136882129277528
2024-04-24 10:00:00-04:00,0.4837209302325463
2024-04-25 10:00:00-04:00,0.0901287553648231
2024-04-26 10:00:00-04:00,0.7111111111111261
2024-04-29 10:00:00-04:00,0.2935779816513766
2024-04-30 10:00:00-04:00,0.3724137931034653
2024-05-01 10:00:00-04:00,0.32786885245900904
2024-05-02 10:00:00-04:00,0.1488673139158522
2024-05-03 10:00:00-04:00,0.6205128205128136
2024-05-06 10:00:00-04:00,0.14999999999985789
2024-05-07 10:00:00-04:00,0.7170542635658764
2024-05-08 10:00:00-04:00,0.5481927710842911
2024-05-09 10:00:00-04:00,0.9011299435027853
2024-05-10 10:00:00-04:00,0.8041666666666535
2024-05-13 10:00:00-04:00,0.59154929577456
2024-05-14 10:00:00-04:00,0.2849002849002856
2024-05-15 10:00:00-04:00,0.9130434782608787
2024-05-16 10:00:00-04:00,0.6131578947368302
2024-05-17 10:00:00-04:00,0.3789473684210942
2024-05-20 10:00:00-04:00,0.0769230769231554
2024-05-21 10:00:00-04:00,0.7830188679245232
2024-05-22 10:00:00-04:00,0.04081632653057436
2024-05-23 10:00:00-04:00,0.43147208121822195
2024-05-24 10:00:00-04:00,0.9569892473118062
2024-05-28 10:00:00-04:00,0.499999999999951
2024-05-29 10:00:00-04:00,0.576388888888862
2024-05-30 10:00:00-04:00,0.6685714285714701
2024-05-31 10:00:00-04:00,0.765598650927473
2024-06-03 10:00:00-04:00,0.5680819912152489
2024-06-04 10:00:00-04:00,0.27860696517416
2024-06-05 10:00:00-04:00,0.3898305084746049
2024-06-06 10:00:00-04:00,0.14285714285714285
2024-06-07 10:00:00-04:00,0.49802371541502155
2024-06-10 10:00:00-04:00,0.7356321839080264
2024-06-11 10:00:00-04:00,0.9103773584905941
2024-06-12 10:00:00-04:00,0.28975265017672047
2024-06-13 10:00:00-04:00,0.7741935483871204
2024-06-14 10:00:00-04:00,0.16867469879516753
2024-06-17 10:00:00-04:00,0.7545454545453728
2024-06-18 10:00:00-04:00,0.4399999999999409
2024-06-20 10:00:00-04:00,0.26148409893991825
2024-06-21 10:00:00-04:00,0.8727272727271844
2024-06-24 10:00:00-04:00,0.12280701754384303
2024-06-25 10:00:00-04:00,0.43089430894306086
2024-06-26 10:00:00-04:00,0.07627118644070817
2024-06-27 10:00:00-04:00,0.08270676691730094
2024-06-28 10:00:00-04:00,0.2678571428571519
2024-07-01 10:00:00-04:00,0.4846416382252315
2024-07-02 10:00:00-04:00,0.41891891891891686
2024-07-03 10:00:00-04:00,0.2032520325203222
2024-07-05 10:00:00-04:00,0.10982658959534039
2024-07-08 10:00:00-04:00,0.71681415929199
2024-07-09 10:00:00-04:00,0.25203252032515516
2024-07-10 10:00:00-04:00,0.30722891566263
2024-07-11 10:00:00-04:00,0.8911651728552986
2024-07-12 10:00:00-04:00,0.8516483516483626
2024-07-15 10:00:00-04:00,0.9255319148936241
2024-07-16 10:00:00-04:00,0.09687499999998157
2024-07-17 10:00:00-04:00,0.8000000000000114
2024-07-18 10:00:00-04:00,0.5116279069767483
2024-07-19 10:00:00-04:00,0.7072243346007668
2024-07-22 10:00:00-04:00,0.35947712418302036
2024-07-23 10:00:00-04:00,0.2877358490566096
2024-07-24 10:00:00-04:00,0.6975308641975261
2024-07-25 10:00:00-04:00,0.5493482309124635
2024-07-26 10:00:00-04:00,0.18305084745761196
2024-07-29 10:00:00-04:00,0.8224637681159381
2024-07-30 10:00:00-04:00,0.882783882783902
2024-07-31 10:00:00-04:00,0.6451612903225727
2024-08-01 10:00:00-04:00,0.9222065063649131
2024-08-02 10:00:00-04:00,0.8265306122449009
2024-08-05 10:00:00-04:00,0.1800947867298545
2024-08-06 10:00:00-04:00,0.6535580524344548
2024-08-07 10:00:00-04:00,0.17575757575755008
2024-08-08 10:00:00-04:00,0.8386243386243387
2024-08-09 10:00:00-04:00,0.6786786786786676
2024-08-12 10:00:00-04:00,0.9243902439024784
2024-08-13 10:00:00-04:00,0.24090909090913765
2024-08-14 10:00:00-04:00,0.3800000000000081
2024-08-15 10:00:00-04:00,0.3206751054852276
2024-08-16 10:00:00-04:00,0.04591836734695416
2024-08-19 10:00:00-04:00,0.5499999999999959
2024-08-20 10:00:00-04:00,0.8196147110333135
2024-08-21 10:00:00-04:00,0.3190883190883212
2024-08-22 10:00:00-04:00,0.793926247288499
2024-08-23 10:00:00-04:00,0.15822784810126553
2024-08-26 10:00:00-04:00,0.632450331125821
2024-08-27 10:00:00-04:00,0.830188679245277
2024-08-28 10:00:00-04:00,0.7675675675675832
2024-08-29 10:00:00-04:00,0.38518518518518147
2024-08-30 10:00:00-04:00,0.7685589519650737
2024-09-03 10:00:00-04:00,0.9379652605459052
2024-09-04 10:00:00-04:00,0.36934673366834686
2024-09-05 10:00:00-04:00,0.46376811594204476
2024-09-06 10:00:00-04:00,0.8460388639760864
2024-09-09 10:00:00-04:00,0.6471544715447088
2024-09-10 10:00:00-04:00,0.5273437499999967
2024-09-11 10:00:00-04:00,0.7391304347826302
2024-09-12 10:00:00-04:00,0.2135593220339017
2024-09-13 10:00:00-04:00,0.3371212121212087
2024-09-16 10:00:00-04:00,0.6027397260273791
2024-09-17 10:00:00-04:00,0.27705627705626407
2024-09-18 10:00:00-04:00,0.1833333333333491
2024-09-19 10:00:00-04:00,0.11999999999998182
2024-09-20 10:00:00-04:00,0.44966442953024743
2024-09-23 10:00:00-04:00,0.5546875000000074
2024-09-24 10:00:00-04:00,0.09523809523811586
2024-09-25 10:00:00-04:00,0.2598425196849858
2024-09-26 10:00:00-04:00,0.758064516129034
2024-09-27 10:00:00-04:00,0.43670886075951687
2024-09-30 10:00:00-04:00,0.4818840579709897
2024-10-01 10:00:00-04:00,0.4043126684636079
2024-10-02 10:00:00-04:00,0.4551971326164683
2024-10-03 10:00:00-04:00,0.323033707865199
2024-10-04 10:00:00-04:00,0.033444816053519205
2024-10-07 10:00:00-04:00,0.4573643410851805
2024-10-08 10:00:00-04:00,0.488262910798106
2024-10-09 10:00:00-04:00,0.8947368421052828
2024-10-10 10:00:00-04:00,0.03333333333337881
2024-10-11 10:00:00-04:00,0.5487012987013091
2024-10-14 10:00:00-04:00,0.37931034482754566
2024-10-15 10:00:00-04:00,0.6726190476190422
2024-10-16 10:00:00-04:00,0.45933014354068025
2024-10-17 10:00:00-04:00,0.635220125786262
2024-10-18 10:00:00-04:00,0.1250000000000148
2024-10-21 10:00:00-04:00,0.5326086956521444
2024-10-22 10:00:00-04:00,0.5454545454545028
2024-10-23 10:00:00-04:00,0.525974025974003
2024-10-24 10:00:00-04:00,0.4388489208633235
2024-10-25 10:00:00-04:00,0.10884353741501965
2024-10-28 10:00:00-04:00,0.33463035019461035
2024-10-29 10:00:00-04:00,0.6403508771929741
2024-10-30 10:00:00-04:00,0.4499999999999526
2024-10-31 10:00:00-04:00,0.9260563380281941
2024-11-01 10:00:00-04:00,0.4394463667820027
2024-11-04 10:00:00-05:00,0.10852713178293823
2024-11-05 10:00:00-05:00,0.002941176470585482
2024-11-06 10:00:00-05:00,0.30508474576269945
2024-11-07 10:00:00-05:00,0.7118644067796496
2024-11-08 10:00:00-05:00,0.4214285714285198
2024-11-11 10:00:00-05:00,0.3566433566433344
2024-11-12 10:00:00-05:00,0.9502762430939664
2024-11-13 10:00:00-05:00,0.04564315352697722
2024-11-14 10:00:00-05:00,0.10055865921790832
2024-11-15 10:00:00-05:00,0.8327137546468266
2024-11-18 10:00:00-05:00,0.8913043478261031
2024-11-19 10:00:00-05:00,0.7188405797101407
2024-11-20 10:00:00-05:00,0.002840909090906522
2024-11-21 10:00:00-05:00,0.4227272727272522
2024-11-22 10:00:00-05:00,0.05673758865251029
2024-11-25 10:00:00-05:00,0.7241379310344738
2024-11-26 10:00:00-05:00,0.06716417910442063
2024-11-27 10:00:00-05:00,0.8315217391304056
2024-11-29 10:00:00-05:00,0.9075630252100679
2024-12-02 10:00:00-05:00,0.16818181818176509
2024-12-03 10:00:00-05:00,0.3760000000000218
2024-12-04 10:00:00-05:00,0.26865671641793704
2024-12-05 10:00:00-05:00,0.5999999999999025
2024-12-06 10:00:00-05:00,0.3712574850298586
2024-12-09 10:00:00-05:00,0.9055793991416209
2024-12-10 10:00:00-05:00,0.0750000000000675
2024-12-11 10:00:00-05:00,0.18681318681314837
2024-12-12 10:00:00-05:00,0.30601092896171195
2024-12-13 10:00:00-05:00,0.974820143884834
2024-12-16 10:00:00-05:00,0.22404371584704819
2024-12-17 10:00:00-05:00,0.34920634920639504
2024-12-18 10:00:00-05:00,0.7031250000000269
2024-12-19 10:00:00-05:00,0.24522292993630102
2024-12-20 10:00:00-05:00,0.8621169916434518
2024-12-23 10:00:00-05:00,0.4539249146757332
2024-12-24 10:00:00-05:00,0.9027777777777595
2024-12-26 10:00:00-05:00,0.6400000000000242
2024-12-27 10:00:00-05:00,0.5945378151260602
2024-12-30 10:00:00-05:00,0.6430976430976265
2024-12-31 10:00:00-05:00,0.5282258064516329
2025-01-02 10:00:00-05:00,0.5427974947807784
2025-01-03 10:00:00-05:00,0.3684210526315711
2025-01-06 10:00:00-05:00,0.6274509803921452
2025-01-07 10:00:00-05:00,0.4827018121911103
2025-01-08 10:00:00-05:00,0.40441176470584483
2025-01-10 10:00:00-05:00,0.45812807881773066
2025-01-13 10:00:00-05:00,0.006172839506167208
2025-01-14 10:00:00-05:00,0.1795774647887272
2025-01-15 10:00:00-05:00,0.42857142857146296
2025-01-16 10:00:00-05:00,0.5990566037736287
2025-01-17 10:00:00-05:00,0.867298578199012
2025-01-21 10:00:00-05:00,0.09326424870463422
2025-01-22 10:00:00-05:00,0.03703703703700195
2025-01-23 10:00:00-05:00,0.5
2025-01-24 10:00:00-05:00,0.7533333333333303
2025-01-27 10:00:00-05:00,0.16501650165016032
2025-01-28 10:00:00-05:00,0.9834515366430142
2025-01-29 10:00:00-05:00,0.30674846625766955
2025-01-30 10:00:00-05:00,0.9719101123595446
2025-01-31 10:00:00-05:00,0.8417721518987383
2025-02-03 10:00:00-05:00,0.7272727272727235
2025-02-04 10:00:00-05:00,0.584415584415608
2025-02-05 10:00:00-05:00,0.19200000000000728
2025-02-06 10:00:00-05:00,0.3519553072625521
2025-02-07 10:00:00-05:00,0.6636500754147783
2025-02-10 10:00:00-05:00,0.681818181818187
2025-02-11 10:00:00-05:00,0.5555555555555957
2025-02-12 10:00:00-05:00,0.2914438502673875
2025-02-13 10:00:00-05:00,0.6920731707317075
2025-02-14 10:00:00-05:00,0.023809523809502325
2025-02-18 10:00:00-05:00,0.3604651162791046
2025-02-19 10:00:00-05:00,0.15789473684212776
2025-02-20 10:00:00-05:00,0.42338709677417213
2025-02-21 10:00:00-05:00,0.5853658536585182
2025-02-24 10:00:00-05:00,0.35932203389828105
2025-02-25 10:00:00-05:00,0.6205450733752721
2025-02-26 10:00:00-05:00,0.5615763546798038
2025-02-27 10:00:00-05:00,0.161801501251028
2025-02-28 10:00:00-05:00,0.7814207650273329
2025-03-03 10:00:00-05:00,0.08853575482406102
2025-03-04 10:00:00-05:00,0.3944020356234031
2025-03-05 10:00:00-05:00,0.25592417061609485
2025-03-06 10:00:00-05:00,0.7078464106844745
2025-03-07 10:00:00-05:00,0.463636363636379
2025-03-10 10:00:00-04:00,0.7990654205607698
2025-03-11 10:00:00-04:00,0.6225000000000023
2025-03-12 10:00:00-04:00,0.7559055118110238
2025-03-13 10:00:00-04:00,0.20386266094421715
2025-03-14 10:00:00-04:00,0.38574423480084674
2025-03-17 10:00:00-04:00,0.6563706563706947
2025-03-18 10:00:00-04:00,0.005235602094236163
2025-03-19 10:00:00-04:00,0.2097560975609997
2025-03-20 10:00:00-04:00,0.680487804878055
2025-03-21 10:00:00-04:00,0.4688856729377671
2025-03-24 10:00:00-04:00,0.49401197604787545
2025-03-25 10:00:00-04:00,0.5303643724696782
2025-03-26 10:00:00-04:00,0.08910891089112143
2025-03-27 10:00:00-04:00,0.7673343605547013
2025-03-28 10:00:00-04:00,0.8360655737704737
2025-03-31 10:00:00-04:00,0.7272727272727477
2025-04-01 10:00:00-04:00,0.40196078431371257
2025-04-02 10:00:00-04:00,0.8431618569636141
2025-04-03 10:00:00-04:00,0.9178082191780682
2025-04-04 10:00:00-04:00,0.5782312925170068
2025-04-07 10:00:00-04:00,0.34251175285426644
2025-04-08 10:00:00-04:00,0.6610878661087811
2025-04-09 10:00:00-04:00,0.6265402843601848
2025-04-10 10:00:00-04:00,0.4408783783783753
2025-04-11 10:00:00-04:00,0.39208633093524814
2025-04-14 10:00:00-04:00,0.4611650485436833
2025-04-15 10:00:00-04:00,0.19526627218934897
2025-04-16 10:00:00-04:00,0.7347560975609465
2025-04-17 10:00:00-04:00,0.692160611854683
2025-04-21 10:00:00-04:00,0.9313099041533444
2025-04-22 10:00:00-04:00,0.8690095846645104
2025-04-23 10:00:00-04:00,0.2321041214750644
2025-04-24 10:00:00-04:00,0.6962616822429993
2025-04-25 10:00:00-04:00,0.3672985781990758
2025-04-28 10:00:00-04:00,0.11157024793387342
